GEN_TPS_1,GEN_TPS_2,DispatchGen
G106346,1,485.76
G106346,2,485.76
G106346,3,485.76
G106346,4,485.76
G106346,5,485.76
G106346,6,485.76
G106346,7,485.76
G106346,8,485.76
G106346,9,485.76
G106346,10,485.76
G106346,11,485.76
G106346,12,485.76
G106346,13,485.76
G106346,14,485.76
G106346,15,485.76
G106346,16,485.76
G106346,17,485.76
G106346,18,485.76
G106346,19,485.76
G106346,20,485.76
G106346,21,485.76
G106346,22,485.76
G106346,23,485.76
G106346,24,485.76
G106346,25,485.76
G106346,26,485.76
G106346,27,485.76
G106346,28,485.76
G106346,29,485.76
G106346,30,485.76
G106346,31,485.76
G106346,32,485.76
G106346,33,485.76
G106346,34,485.76
G106346,35,485.76
G106346,36,485.76
G106346,37,485.76
G106346,38,485.76
G106346,39,485.76
G106346,40,485.76
G106346,41,485.76
G106346,42,485.76
G106346,43,485.76
G106346,44,485.76
G106346,45,485.76
G106346,46,485.76
G106346,47,485.76
G106346,48,485.76
G106346,49,485.7600000000001
G106346,50,485.7600000000001
G106346,51,485.7600000000001
G106346,52,485.7600000000001
G106346,53,485.7600000000001
G106346,54,485.7600000000001
G106346,55,485.7600000000001
G106346,56,485.7600000000001
G106346,57,485.7600000000001
G106346,58,485.7600000000001
G106346,59,485.7600000000001
G106346,60,485.7600000000001
G106346,61,485.7600000000001
G106346,62,485.7600000000001
G106346,63,485.7600000000001
G106346,64,485.7600000000001
G106346,65,485.7600000000001
G106346,66,485.7600000000001
G106346,67,485.7600000000001
G106346,68,485.7600000000001
G106346,69,485.7600000000001
G106346,70,485.7600000000001
G106346,71,485.7600000000001
G106346,72,485.7600000000001
G106347,1,485.76
G106347,2,485.76
G106347,3,485.76
G106347,4,485.76
G106347,5,485.76
G106347,6,485.76
G106347,7,485.76
G106347,8,485.76
G106347,9,485.76
G106347,10,485.76
G106347,11,485.76
G106347,12,485.76
G106347,13,485.76
G106347,14,485.76
G106347,15,485.76
G106347,16,485.76
G106347,17,485.76
G106347,18,485.76
G106347,19,485.76
G106347,20,485.76
G106347,21,485.76
G106347,22,485.76
G106347,23,485.76
G106347,24,485.76
G106347,25,485.76
G106347,26,485.76
G106347,27,485.76
G106347,28,485.76
G106347,29,485.76
G106347,30,485.76
G106347,31,485.76
G106347,32,485.76
G106347,33,485.76
G106347,34,485.76
G106347,35,485.76
G106347,36,485.76
G106347,37,485.76
G106347,38,485.76
G106347,39,485.76
G106347,40,485.76
G106347,41,485.76
G106347,42,485.76
G106347,43,485.76
G106347,44,485.76
G106347,45,485.76
G106347,46,485.76
G106347,47,485.76
G106347,48,485.76
G106347,49,485.7600000000001
G106347,50,485.7600000000001
G106347,51,485.7600000000001
G106347,52,485.7600000000001
G106347,53,485.7600000000001
G106347,54,485.7600000000001
G106347,55,485.7600000000001
G106347,56,485.7600000000001
G106347,57,485.7600000000001
G106347,58,485.7600000000001
G106347,59,485.7600000000001
G106347,60,485.7600000000001
G106347,61,485.7600000000001
G106347,62,485.7600000000001
G106347,63,485.7600000000001
G106347,64,485.7600000000001
G106347,65,485.7600000000001
G106347,66,485.7600000000001
G106347,67,485.7600000000001
G106347,68,485.7600000000001
G106347,69,485.7600000000001
G106347,70,485.7600000000001
G106347,71,485.7600000000001
G106347,72,485.7600000000001
G106348,1,242.88
G106348,2,242.88
G106348,3,242.88
G106348,4,242.88
G106348,5,242.88
G106348,6,242.88
G106348,7,242.88
G106348,8,242.88
G106348,9,242.88
G106348,10,242.88
G106348,11,242.88
G106348,12,242.88
G106348,13,242.88
G106348,14,242.88
G106348,15,242.88
G106348,16,242.88
G106348,17,242.88
G106348,18,242.88
G106348,19,242.88
G106348,20,242.88
G106348,21,242.88
G106348,22,242.88
G106348,23,242.88
G106348,24,242.88
G106348,25,242.88
G106348,26,242.88
G106348,27,242.88
G106348,28,242.88
G106348,29,242.88
G106348,30,242.88
G106348,31,242.88
G106348,32,242.88
G106348,33,242.88
G106348,34,242.88
G106348,35,242.88
G106348,36,242.88
G106348,37,242.88
G106348,38,242.88
G106348,39,242.88
G106348,40,242.88
G106348,41,242.88
G106348,42,242.88
G106348,43,242.88
G106348,44,242.88
G106348,45,242.88
G106348,46,242.88
G106348,47,242.88
G106348,48,242.88
G106348,49,242.88000000000002
G106348,50,242.88000000000002
G106348,51,242.88000000000002
G106348,52,242.88000000000002
G106348,53,242.88000000000002
G106348,54,242.88000000000002
G106348,55,242.88000000000002
G106348,56,242.88000000000002
G106348,57,242.88000000000002
G106348,58,242.88000000000002
G106348,59,242.88000000000002
G106348,60,242.88000000000002
G106348,61,242.88000000000002
G106348,62,242.88000000000002
G106348,63,242.88000000000002
G106348,64,242.88000000000002
G106348,65,242.88000000000002
G106348,66,242.88000000000002
G106348,67,242.88000000000002
G106348,68,242.88000000000005
G106348,69,242.88000000000002
G106348,70,242.88000000000002
G106348,71,242.88000000000002
G106348,72,242.88000000000002
G106348,73,216.39766252787544
G106348,74,216.39766252787544
G106348,75,216.39766252787544
G106348,76,216.39766252787544
G106348,77,216.39766252787544
G106348,78,216.39766252787544
G106348,79,216.39766252787544
G106348,80,216.39766252787544
G106348,81,216.39766252787544
G106348,82,216.39766252787544
G106348,83,216.39766252787544
G106348,84,216.39766252787544
G106348,85,216.39766252787544
G106348,86,216.39766252787544
G106348,87,216.39766252787544
G106348,88,216.39766252787544
G106348,89,216.39766252787544
G106348,90,216.39766252787544
G106348,91,216.39766252787544
G106348,92,216.39766252787544
G106348,93,216.39766252787544
G106348,94,216.39766252787544
G106348,95,216.39766252787544
G106348,96,216.39766252787544
G106349,1,242.88
G106349,2,242.88
G106349,3,242.88
G106349,4,242.88
G106349,5,242.88
G106349,6,242.88
G106349,7,242.88
G106349,8,242.88
G106349,9,242.88
G106349,10,242.88
G106349,11,242.88
G106349,12,242.88
G106349,13,242.88
G106349,14,242.88
G106349,15,242.88
G106349,16,242.88
G106349,17,242.88
G106349,18,242.88
G106349,19,242.88
G106349,20,242.88
G106349,21,242.88
G106349,22,242.88
G106349,23,242.88
G106349,24,242.88
G106349,25,242.88000000000005
G106349,26,242.88000000000005
G106349,27,242.88000000000005
G106349,28,242.88000000000005
G106349,29,242.88000000000005
G106349,30,242.88000000000005
G106349,31,242.88000000000005
G106349,32,242.88000000000005
G106349,33,242.88000000000005
G106349,34,242.88000000000005
G106349,35,242.88000000000005
G106349,36,242.88000000000005
G106349,37,242.88000000000005
G106349,38,242.88000000000005
G106349,39,242.88000000000005
G106349,40,242.88000000000005
G106349,41,242.88000000000005
G106349,42,242.88000000000005
G106349,43,242.88000000000005
G106349,44,242.88000000000005
G106349,45,242.88000000000005
G106349,46,242.88000000000005
G106349,47,242.88000000000005
G106349,48,242.88000000000005
G106349,49,242.88
G106349,50,242.88
G106349,51,242.88
G106349,52,242.88
G106349,53,242.88
G106349,54,242.88
G106349,55,242.88
G106349,56,242.88
G106349,57,242.88
G106349,58,242.88
G106349,59,242.88
G106349,60,242.88
G106349,61,242.88
G106349,62,242.88
G106349,63,242.88
G106349,64,242.88
G106349,65,242.88
G106349,66,242.88
G106349,67,242.88
G106349,68,242.88
G106349,69,242.88
G106349,70,242.88
G106349,71,242.88
G106349,72,242.88
G106349,73,242.88000000000005
G106349,74,242.88000000000005
G106349,75,242.88000000000005
G106349,76,242.88000000000005
G106349,77,242.88000000000005
G106349,78,242.88000000000005
G106349,79,242.88000000000005
G106349,80,242.88000000000005
G106349,81,242.88000000000005
G106349,82,242.88000000000005
G106349,83,242.88000000000005
G106349,84,242.88000000000005
G106349,85,242.88000000000005
G106349,86,242.88000000000005
G106349,87,242.88000000000005
G106349,88,242.88000000000005
G106349,89,242.88000000000005
G106349,90,242.88000000000005
G106349,91,242.88000000000005
G106349,92,242.88000000000005
G106349,93,242.88000000000005
G106349,94,242.88000000000005
G106349,95,242.88000000000005
G106349,96,242.88000000000005
G106470,1,283.36
G106470,2,283.36
G106470,3,283.36
G106470,4,283.36
G106470,5,283.36
G106470,6,283.36
G106470,7,283.36
G106470,8,283.36
G106470,9,283.36
G106470,10,283.36
G106470,11,283.36
G106470,12,283.36
G106470,13,283.36
G106470,14,283.36
G106470,15,283.36
G106470,16,283.36
G106470,17,283.36
G106470,18,283.36
G106470,19,283.36
G106470,20,283.36
G106470,21,283.36
G106470,22,283.36
G106470,23,283.36
G106470,24,283.36
G106470,25,283.36
G106470,26,283.36
G106470,27,283.36
G106470,28,283.36
G106470,29,283.36
G106470,30,283.36
G106470,31,283.36
G106470,32,283.36
G106470,33,283.36
G106470,34,283.36
G106470,35,283.36
G106470,36,283.36
G106470,37,283.36
G106470,38,283.36
G106470,39,283.36
G106470,40,283.36
G106470,41,283.36
G106470,42,283.36
G106470,43,283.36
G106470,44,283.36
G106470,45,283.36
G106470,46,283.36
G106470,47,283.36
G106470,48,283.36
G106470,49,283.36
G106470,50,283.36
G106470,51,283.36
G106470,52,283.36
G106470,53,283.36
G106470,54,283.36
G106470,55,283.36
G106470,56,283.36
G106470,57,283.36
G106470,58,283.36
G106470,59,283.36
G106470,60,283.36
G106470,61,283.36
G106470,62,283.36
G106470,63,283.36
G106470,64,283.36
G106470,65,283.36
G106470,66,283.36
G106470,67,283.36
G106470,68,283.36
G106470,69,283.36
G106470,70,283.36
G106470,71,283.36
G106470,72,283.36
G106470,73,283.36
G106470,74,283.36
G106470,75,283.36
G106470,76,283.36
G106470,77,283.36
G106470,78,283.36
G106470,79,283.36
G106470,80,283.36
G106470,81,283.36
G106470,82,283.36
G106470,83,283.36
G106470,84,283.36
G106470,85,283.36
G106470,86,283.36
G106470,87,283.36
G106470,88,283.36
G106470,89,283.36
G106470,90,283.36
G106470,91,283.36
G106470,92,283.36
G106470,93,283.36
G106470,94,283.36
G106470,95,283.36
G106470,96,283.36
G106471,1,283.36
G106471,2,283.36
G106471,3,283.36
G106471,4,283.36
G106471,5,283.36
G106471,6,283.36
G106471,7,283.36
G106471,8,283.36
G106471,9,283.36
G106471,10,283.36
G106471,11,283.36
G106471,12,283.36
G106471,13,283.36
G106471,14,283.36
G106471,15,283.36
G106471,16,283.36
G106471,17,283.36
G106471,18,283.36
G106471,19,283.36
G106471,20,283.36
G106471,21,283.36
G106471,22,283.36
G106471,23,283.36
G106471,24,283.36
G106471,25,283.36
G106471,26,283.36
G106471,27,283.36
G106471,28,283.36
G106471,29,283.36
G106471,30,283.36
G106471,31,283.36
G106471,32,283.36
G106471,33,283.36
G106471,34,283.36
G106471,35,283.36
G106471,36,283.36
G106471,37,283.36
G106471,38,283.36
G106471,39,283.36
G106471,40,283.36
G106471,41,283.36
G106471,42,283.36
G106471,43,283.36
G106471,44,283.36
G106471,45,283.36
G106471,46,283.36
G106471,47,283.36
G106471,48,283.36
G106471,49,283.36
G106471,50,283.36
G106471,51,283.36
G106471,52,283.36
G106471,53,283.36
G106471,54,283.36
G106471,55,283.36
G106471,56,283.36
G106471,57,283.36
G106471,58,283.36
G106471,59,283.36
G106471,60,283.36
G106471,61,283.36
G106471,62,283.36
G106471,63,283.36
G106471,64,283.36
G106471,65,283.36
G106471,66,283.36
G106471,67,283.36
G106471,68,283.36
G106471,69,283.36
G106471,70,283.36
G106471,71,283.36
G106471,72,283.36
G106471,73,283.36
G106471,74,283.36
G106471,75,283.36
G106471,76,283.36
G106471,77,283.36
G106471,78,283.36
G106471,79,283.36
G106471,80,283.36
G106471,81,283.36
G106471,82,283.36
G106471,83,283.36
G106471,84,283.36
G106471,85,283.36
G106471,86,283.36
G106471,87,283.36
G106471,88,283.36
G106471,89,283.36
G106471,90,283.36
G106471,91,283.36
G106471,92,283.36
G106471,93,283.36
G106471,94,283.36
G106471,95,283.36
G106471,96,283.36
G109041,1,242.88
G109041,2,242.88
G109041,3,242.88
G109041,4,242.88
G109041,5,242.88
G109041,6,242.88
G109041,7,242.88
G109041,8,242.88
G109041,9,242.88
G109041,10,242.88
G109041,11,242.88
G109041,12,242.88
G109041,13,242.88
G109041,14,242.88
G109041,15,242.88
G109041,16,242.88
G109041,17,242.88
G109041,18,242.88
G109041,19,242.88
G109041,20,242.88
G109041,21,242.88
G109041,22,242.88
G109041,23,242.88
G109041,24,242.88
G109041,25,242.88
G109041,26,242.88
G109041,27,242.88
G109041,28,242.88
G109041,29,242.88
G109041,30,242.88
G109041,31,242.88
G109041,32,242.88
G109041,33,242.88
G109041,34,242.88
G109041,35,242.88
G109041,36,242.88
G109041,37,242.88
G109041,38,242.88
G109041,39,242.88
G109041,40,242.88
G109041,41,242.88
G109041,42,242.88
G109041,43,242.88
G109041,44,242.88
G109041,45,242.88
G109041,46,242.88
G109041,47,242.88
G109041,48,242.88
G109041,49,242.88
G109041,50,242.88
G109041,51,242.88
G109041,52,242.88
G109041,53,242.88
G109041,54,242.88
G109041,55,242.88
G109041,56,242.88
G109041,57,242.88
G109041,58,242.88
G109041,59,242.88
G109041,60,242.88
G109041,61,242.88
G109041,62,242.88
G109041,63,242.88
G109041,64,242.88
G109041,65,242.88
G109041,66,242.88
G109041,67,242.88
G109041,68,242.88
G109041,69,242.88
G109041,70,242.88
G109041,71,242.88
G109041,72,242.88
G109041,73,242.88
G109041,74,242.88
G109041,75,242.88
G109041,76,242.88
G109041,77,242.88
G109041,78,242.88
G109041,79,242.88
G109041,80,242.88
G109041,81,242.88
G109041,82,242.88
G109041,83,242.88
G109041,84,242.88
G109041,85,242.88
G109041,86,242.88
G109041,87,242.88
G109041,88,242.88
G109041,89,242.88
G109041,90,242.88
G109041,91,242.88
G109041,92,242.88
G109041,93,242.88
G109041,94,242.88
G109041,95,242.88
G109041,96,242.88
G109042,1,242.88
G109042,2,242.88
G109042,3,242.88
G109042,4,242.88
G109042,5,242.88
G109042,6,242.88
G109042,7,242.88
G109042,8,242.88
G109042,9,242.88
G109042,10,242.88
G109042,11,242.88
G109042,12,242.88
G109042,13,242.88
G109042,14,242.88
G109042,15,242.88
G109042,16,242.88
G109042,17,242.88
G109042,18,242.88
G109042,19,242.88
G109042,20,242.88
G109042,21,242.88
G109042,22,242.88
G109042,23,242.88
G109042,24,242.88
G109042,25,242.88
G109042,26,242.88
G109042,27,242.88
G109042,28,242.88
G109042,29,242.88
G109042,30,242.88
G109042,31,242.88
G109042,32,242.88
G109042,33,242.88
G109042,34,242.88
G109042,35,242.88
G109042,36,242.88
G109042,37,242.88
G109042,38,242.88
G109042,39,242.88
G109042,40,242.88
G109042,41,242.88
G109042,42,242.88
G109042,43,242.88
G109042,44,242.88
G109042,45,242.88
G109042,46,242.88
G109042,47,242.88
G109042,48,242.88
G109042,49,242.88
G109042,50,242.88
G109042,51,242.88
G109042,52,242.88
G109042,53,242.88
G109042,54,242.88
G109042,55,242.88
G109042,56,242.88
G109042,57,242.88
G109042,58,242.88
G109042,59,242.88
G109042,60,242.88
G109042,61,242.88
G109042,62,242.88
G109042,63,242.88
G109042,64,242.88
G109042,65,242.88
G109042,66,242.88
G109042,67,242.88
G109042,68,242.88
G109042,69,242.88
G109042,70,242.88
G109042,71,242.88
G109042,72,242.88
G109042,73,242.88
G109042,74,242.88
G109042,75,242.88
G109042,76,242.88
G109042,77,242.88
G109042,78,242.88
G109042,79,242.88
G109042,80,242.88
G109042,81,242.88
G109042,82,242.88
G109042,83,242.88
G109042,84,242.88
G109042,85,242.88
G109042,86,242.88
G109042,87,242.88
G109042,88,242.88
G109042,89,242.88
G109042,90,242.88
G109042,91,242.88
G109042,92,242.88
G109042,93,242.88
G109042,94,242.88
G109042,95,242.88
G109042,96,242.88
G111092,25,48.85375960896878
G111092,26,48.85375960896878
G111092,27,48.85375960896878
G111092,28,48.85375960896878
G111092,29,48.85375960896878
G111092,30,48.85375960896878
G111092,31,48.85375960896878
G111092,32,48.85375960896878
G111092,33,48.85375960896878
G111092,34,48.85375960896878
G111092,35,48.85375960896878
G111092,36,48.85375960896878
G111092,37,48.85375960896878
G111092,38,48.85375960896878
G111092,39,48.85375960896878
G111092,40,48.85375960896878
G111092,41,48.85375960896878
G111092,42,48.85375960896878
G111092,43,48.85375960896878
G111092,44,48.85375960896878
G111092,45,48.85375960896878
G111092,46,48.85375960896878
G111092,47,48.85375960896878
G111092,48,48.85375960896878
G111092,49,48.85375960896878
G111092,50,48.85375960896878
G111092,51,48.85375960896878
G111092,52,48.85375960896878
G111092,53,48.85375960896878
G111092,54,48.85375960896878
G111092,55,48.85375960896878
G111092,56,48.85375960896878
G111092,57,48.85375960896878
G111092,58,48.85375960896878
G111092,59,48.85375960896878
G111092,60,48.85375960896878
G111092,61,48.85375960896878
G111092,62,48.85375960896878
G111092,63,48.85375960896878
G111092,64,48.85375960896878
G111092,65,48.85375960896878
G111092,66,48.85375960896878
G111092,67,48.85375960896878
G111092,68,48.85375960896878
G111092,69,48.85375960896878
G111092,70,48.85375960896878
G111092,71,48.85375960896879
G111092,72,48.85375960896878
G111092,73,283.36
G111092,74,283.36
G111092,75,283.36
G111092,76,283.36
G111092,77,283.36
G111092,78,283.36
G111092,79,283.36
G111092,80,283.36
G111092,81,283.36
G111092,82,283.36
G111092,83,283.36
G111092,84,283.36
G111092,85,283.36
G111092,86,283.36
G111092,87,283.36
G111092,88,283.36
G111092,89,283.36
G111092,90,283.36
G111092,91,283.36
G111092,92,283.36
G111092,93,283.36
G111092,94,283.36
G111092,95,283.36
G111092,96,283.36
G111093,25,125.32203224892187
G111093,26,125.32203224892187
G111093,27,125.32203224892187
G111093,28,125.32203224892187
G111093,29,125.32203224892187
G111093,30,125.32203224892187
G111093,31,125.32203224892187
G111093,32,125.32203224892187
G111093,33,125.32203224892187
G111093,34,125.32203224892187
G111093,35,125.32203224892187
G111093,36,125.32203224892187
G111093,37,125.32203224892187
G111093,38,125.32203224892187
G111093,39,125.32203224892187
G111093,40,125.32203224892187
G111093,41,125.32203224892187
G111093,42,125.32203224892187
G111093,43,125.32203224892187
G111093,44,125.32203224892187
G111093,45,125.32203224892187
G111093,46,125.32203224892187
G111093,47,125.32203224892187
G111093,48,125.32203224892187
G111093,49,157.22731611064518
G111093,50,157.22731611064518
G111093,51,157.22731611064518
G111093,52,157.22731611064518
G111093,53,157.22731611064518
G111093,54,157.22731611064518
G111093,55,157.22731611064518
G111093,56,157.22731611064518
G111093,57,157.22731611064518
G111093,58,157.22731611064518
G111093,59,157.22731611064518
G111093,60,157.22731611064518
G111093,61,157.22731611064518
G111093,62,157.22731611064518
G111093,63,157.22731611064518
G111093,64,157.22731611064518
G111093,65,157.22731611064518
G111093,66,157.22731611064518
G111093,67,157.22731611064518
G111093,68,157.22731611064518
G111093,69,157.22731611064518
G111093,70,157.22731611064518
G111093,71,157.22731611064518
G111093,72,157.22731611064518
G111093,73,283.36
G111093,74,283.36
G111093,75,283.36
G111093,76,283.36
G111093,77,283.36
G111093,78,283.36
G111093,79,283.36
G111093,80,283.36
G111093,81,283.36
G111093,82,283.36
G111093,83,283.36
G111093,84,283.36
G111093,85,283.36
G111093,86,283.36
G111093,87,283.36
G111093,88,283.36
G111093,89,283.36
G111093,90,283.36
G111093,91,283.36
G111093,92,283.36
G111093,93,283.36
G111093,94,283.36
G111093,95,283.36
G111093,96,283.36
G112778,1,0.0
G112778,2,0.0
G112778,3,0.0
G112778,4,0.0
G112778,5,0.0
G112778,6,0.0
G112778,7,0.0
G112778,8,0.0
G112778,9,0.0
G112778,10,0.0
G112778,11,0.0
G112778,12,0.0
G112778,13,0.0
G112778,14,0.0
G112778,15,0.0
G112778,16,0.0
G112778,17,0.0
G112778,18,0.0
G112778,19,0.0
G112778,20,0.0
G112778,21,0.0
G112778,22,0.0
G112778,23,0.0
G112778,24,0.0
G112778,25,0.0
G112778,26,0.0
G112778,27,0.0
G112778,28,0.0
G112778,29,0.0
G112778,30,0.0
G112778,31,0.0
G112778,32,0.0
G112778,33,0.0
G112778,34,0.0
G112778,35,0.0
G112778,36,0.0
G112778,37,0.0
G112778,38,0.0
G112778,39,0.0
G112778,40,0.0
G112778,41,0.0
G112778,42,0.0
G112778,43,0.0
G112778,44,0.0
G112778,45,0.0
G112778,46,0.0
G112778,47,0.0
G112778,48,0.0
G112778,49,0.0
G112778,50,0.0
G112778,51,0.0
G112778,52,0.0
G112778,53,0.0
G112778,54,0.0
G112778,55,0.0
G112778,56,0.0
G112778,57,0.0
G112778,58,0.0
G112778,59,0.0
G112778,60,0.0
G112778,61,0.0
G112778,62,0.0
G112778,63,0.0
G112778,64,0.0
G112778,65,0.0
G112778,66,0.0
G112778,67,0.0
G112778,68,0.0
G112778,69,0.0
G112778,70,0.0
G112778,71,0.0
G112778,72,0.0
G112779,1,0.0
G112779,2,0.0
G112779,3,0.0
G112779,4,0.0
G112779,5,0.0
G112779,6,0.0
G112779,7,0.0
G112779,8,0.0
G112779,9,0.0
G112779,10,0.0
G112779,11,0.0
G112779,12,0.0
G112779,13,0.0
G112779,14,0.0
G112779,15,0.0
G112779,16,0.0
G112779,17,0.0
G112779,18,0.0
G112779,19,0.0
G112779,20,0.0
G112779,21,0.0
G112779,22,0.0
G112779,23,0.0
G112779,24,0.0
G112779,25,0.0
G112779,26,0.0
G112779,27,0.0
G112779,28,0.0
G112779,29,0.0
G112779,30,0.0
G112779,31,0.0
G112779,32,0.0
G112779,33,0.0
G112779,34,0.0
G112779,35,0.0
G112779,36,0.0
G112779,37,0.0
G112779,38,0.0
G112779,39,0.0
G112779,40,0.0
G112779,41,0.0
G112779,42,0.0
G112779,43,0.0
G112779,44,0.0
G112779,45,0.0
G112779,46,0.0
G112779,47,0.0
G112779,48,0.0
G112779,49,0.0
G112779,50,0.0
G112779,51,0.0
G112779,52,0.0
G112779,53,0.0
G112779,54,0.0
G112779,55,0.0
G112779,56,0.0
G112779,57,0.0
G112779,58,0.0
G112779,59,0.0
G112779,60,0.0
G112779,61,0.0
G112779,62,0.0
G112779,63,0.0
G112779,64,0.0
G112779,65,0.0
G112779,66,0.0
G112779,67,0.0
G112779,68,0.0
G112779,69,0.0
G112779,70,0.0
G112779,71,0.0
G112779,72,0.0
G114088,1,109.29599999999999
G114088,2,109.29599999999999
G114088,3,109.29599999999999
G114088,4,109.29599999999999
G114088,5,109.29599999999999
G114088,6,109.29599999999999
G114088,7,109.29599999999999
G114088,8,109.29599999999999
G114088,9,109.29599999999999
G114088,10,109.29599999999999
G114088,11,109.29599999999999
G114088,12,109.29599999999999
G114088,13,109.29599999999999
G114088,14,109.29599999999999
G114088,15,109.29599999999999
G114088,16,109.29599999999999
G114088,17,109.29599999999999
G114088,18,109.29599999999999
G114088,19,109.29599999999999
G114088,20,109.29599999999999
G114088,21,109.29599999999999
G114088,22,109.29599999999999
G114088,23,109.29599999999999
G114088,24,109.29599999999999
G114088,25,0.0
G114088,26,0.0
G114088,27,0.0
G114088,28,0.0
G114088,29,0.0
G114088,30,0.0
G114088,31,0.0
G114088,32,0.0
G114088,33,0.0
G114088,34,0.0
G114088,35,0.0
G114088,36,0.0
G114088,37,0.0
G114088,38,0.0
G114088,39,0.0
G114088,40,0.0
G114088,41,0.0
G114088,42,0.0
G114088,43,0.0
G114088,44,0.0
G114088,45,0.0
G114088,46,0.0
G114088,47,0.0
G114088,48,0.0
G114088,49,0.0
G114088,50,0.0
G114088,51,0.0
G114088,52,0.0
G114088,53,0.0
G114088,54,0.0
G114088,55,0.0
G114088,56,0.0
G114088,57,0.0
G114088,58,0.0
G114088,59,0.0
G114088,60,0.0
G114088,61,0.0
G114088,62,0.0
G114088,63,0.0
G114088,64,0.0
G114088,65,0.0
G114088,66,0.0
G114088,67,0.0
G114088,68,0.0
G114088,69,0.0
G114088,70,0.0
G114088,71,0.0
G114088,72,0.0
G114089,1,48.262026673835074
G114089,2,48.262026673835074
G114089,3,48.262026673835074
G114089,4,48.262026673835074
G114089,5,48.262026673835074
G114089,6,48.262026673835074
G114089,7,48.262026673835074
G114089,8,48.262026673835074
G114089,9,48.262026673835074
G114089,10,48.262026673835074
G114089,11,48.262026673835074
G114089,12,48.262026673835074
G114089,13,48.262026673835074
G114089,14,48.262026673835074
G114089,15,48.262026673835074
G114089,16,48.262026673835074
G114089,17,48.262026673835074
G114089,18,48.262026673835074
G114089,19,48.262026673835074
G114089,20,48.262026673835074
G114089,21,48.262026673835074
G114089,22,48.262026673835074
G114089,23,48.262026673835074
G114089,24,48.262026673835074
G114089,25,0.0
G114089,26,0.0
G114089,27,0.0
G114089,28,0.0
G114089,29,0.0
G114089,30,0.0
G114089,31,0.0
G114089,32,0.0
G114089,33,0.0
G114089,34,0.0
G114089,35,0.0
G114089,36,0.0
G114089,37,0.0
G114089,38,0.0
G114089,39,0.0
G114089,40,0.0
G114089,41,0.0
G114089,42,0.0
G114089,43,0.0
G114089,44,0.0
G114089,45,0.0
G114089,46,0.0
G114089,47,0.0
G114089,48,0.0
G114089,49,0.0
G114089,50,0.0
G114089,51,0.0
G114089,52,0.0
G114089,53,0.0
G114089,54,0.0
G114089,55,0.0
G114089,56,0.0
G114089,57,0.0
G114089,58,0.0
G114089,59,0.0
G114089,60,0.0
G114089,61,0.0
G114089,62,0.0
G114089,63,0.0
G114089,64,0.0
G114089,65,0.0
G114089,66,0.0
G114089,67,0.0
G114089,68,0.0
G114089,69,0.0
G114089,70,0.0
G114089,71,0.0
G114089,72,0.0
G114090,1,0.0
G114090,2,0.0
G114090,3,0.0
G114090,4,0.0
G114090,5,0.0
G114090,6,0.0
G114090,7,0.0
G114090,8,0.0
G114090,9,0.0
G114090,10,0.0
G114090,11,0.0
G114090,12,0.0
G114090,13,0.0
G114090,14,0.0
G114090,15,0.0
G114090,16,0.0
G114090,17,0.0
G114090,18,0.0
G114090,19,0.0
G114090,20,0.0
G114090,21,0.0
G114090,22,0.0
G114090,23,0.0
G114090,24,0.0
G114090,25,0.0
G114090,26,0.0
G114090,27,0.0
G114090,28,0.0
G114090,29,0.0
G114090,30,0.0
G114090,31,0.0
G114090,32,0.0
G114090,33,0.0
G114090,34,0.0
G114090,35,0.0
G114090,36,0.0
G114090,37,0.0
G114090,38,0.0
G114090,39,0.0
G114090,40,0.0
G114090,41,0.0
G114090,42,0.0
G114090,43,0.0
G114090,44,0.0
G114090,45,0.0
G114090,46,0.0
G114090,47,0.0
G114090,48,0.0
G114090,49,0.0
G114090,50,0.0
G114090,51,0.0
G114090,52,0.0
G114090,53,0.0
G114090,54,0.0
G114090,55,0.0
G114090,56,0.0
G114090,57,0.0
G114090,58,0.0
G114090,59,0.0
G114090,60,0.0
G114090,61,0.0
G114090,62,0.0
G114090,63,0.0
G114090,64,0.0
G114090,65,0.0
G114090,66,0.0
G114090,67,0.0
G114090,68,0.0
G114090,69,0.0
G114090,70,0.0
G114090,71,0.0
G114090,72,0.0
outside_coal,1,0.0
outside_coal,2,0.0
outside_coal,3,0.0
outside_coal,4,0.0
outside_coal,5,0.0
outside_coal,6,0.0
outside_coal,7,0.0
outside_coal,8,0.0
outside_coal,9,0.0
outside_coal,10,0.0
outside_coal,11,0.0
outside_coal,12,0.0
outside_coal,13,0.0
outside_coal,14,0.0
outside_coal,15,0.0
outside_coal,16,0.0
outside_coal,17,0.0
outside_coal,18,0.0
outside_coal,19,0.0
outside_coal,20,0.0
outside_coal,21,0.0
outside_coal,22,0.0
outside_coal,23,0.0
outside_coal,24,0.0
outside_coal,25,0.0
outside_coal,26,0.0
outside_coal,27,0.0
outside_coal,28,0.0
outside_coal,29,0.0
outside_coal,30,0.0
outside_coal,31,0.0
outside_coal,32,0.0
outside_coal,33,0.0
outside_coal,34,0.0
outside_coal,35,0.0
outside_coal,36,0.0
outside_coal,37,0.0
outside_coal,38,0.0
outside_coal,39,0.0
outside_coal,40,0.0
outside_coal,41,0.0
outside_coal,42,0.0
outside_coal,43,0.0
outside_coal,44,0.0
outside_coal,45,0.0
outside_coal,46,0.0
outside_coal,47,0.0
outside_coal,48,0.0
outside_coal,49,0.0
outside_coal,50,0.0
outside_coal,51,0.0
outside_coal,52,0.0
outside_coal,53,0.0
outside_coal,54,0.0
outside_coal,55,0.0
outside_coal,56,0.0
outside_coal,57,0.0
outside_coal,58,0.0
outside_coal,59,0.0
outside_coal,60,0.0
outside_coal,61,0.0
outside_coal,62,0.0
outside_coal,63,0.0
outside_coal,64,0.0
outside_coal,65,0.0
outside_coal,66,0.0
outside_coal,67,0.0
outside_coal,68,0.0
outside_coal,69,0.0
outside_coal,70,0.0
outside_coal,71,0.0
outside_coal,72,0.0
outside_coal,73,0.0
outside_coal,74,0.0
outside_coal,75,0.0
outside_coal,76,0.0
outside_coal,77,0.0
outside_coal,78,0.0
outside_coal,79,0.0
outside_coal,80,0.0
outside_coal,81,0.0
outside_coal,82,0.0
outside_coal,83,0.0
outside_coal,84,0.0
outside_coal,85,0.0
outside_coal,86,0.0
outside_coal,87,0.0
outside_coal,88,0.0
outside_coal,89,0.0
outside_coal,90,0.0
outside_coal,91,0.0
outside_coal,92,0.0
outside_coal,93,0.0
outside_coal,94,0.0
outside_coal,95,0.0
outside_coal,96,0.0
s1,1,0.0
s1,2,0.0
s1,3,0.0
s1,4,0.0
s1,5,0.0
s1,6,0.0
s1,7,6.394450156537455
s1,8,0.0
s1,9,31.483658892706465
s1,10,53.349158425842575
s1,11,75.04848204039384
s1,12,0.0
s1,13,95.40872480828972
s1,14,102.29855014068318
s1,15,105.69202166649974
s1,16,94.07198035221381
s1,17,82.4519390379279
s1,18,60.12644971361422
s1,19,37.800960389300535
s1,20,15.475471064986849
s1,21,0.0
s1,22,5.158490418627103
s1,23,0.0
s1,24,0.0
s1,25,0.0
s1,26,0.0
s1,27,0.0
s1,28,0.0
s1,29,0.0
s1,30,0.0
s1,31,5.4936896375693784
s1,32,8.240534551801296
s1,33,28.225012185515787
s1,34,48.18664872434999
s1,35,68.10714349816621
s1,36,82.043017332819
s1,37,95.97889097657736
s1,38,109.91476481123017
s1,39,99.02936746550469
s1,40,88.14397011977923
s1,41,77.25857277405376
s1,42,56.35391702774523
s1,43,35.449261472331145
s1,44,14.544605726022603
s1,45,9.696403944611376
s1,46,4.848201972305688
s1,47,0.0
s1,48,0.0
s1,49,0.0
s1,50,0.0
s1,51,0.0
s1,52,0.0
s1,53,0.0
s1,54,0.0
s1,55,5.877029003345429
s1,56,8.815543409570914
s1,57,28.659265585530903
s1,58,48.478814795959806
s1,59,68.24611275645395
s1,60,81.57964641895737
s1,61,94.91317989056628
s1,62,108.24671336217521
s1,63,97.27005032936464
s1,64,86.29338710565962
s1,65,75.31672407284907
s1,66,55.009576196317234
s1,67,34.70242831978542
s1,68,14.3952804432536
s1,69,9.596853628835733
s1,70,4.798426814417867
s1,71,0.0
s1,72,0.0
s1,73,0.0
s1,74,0.0
s1,75,0.0
s1,76,0.0
s1,77,0.0
s1,78,3.231833671271095
s1,79,6.463667533436651
s1,80,9.695501204707746
s1,81,30.114281489208164
s1,82,47.6698581568038
s1,83,0.0
s1,84,0.0
s1,85,0.0
s1,86,112.80819166393948
s1,87,101.95644996606964
s1,88,0.0
s1,89,0.0
s1,90,0.0
s1,91,37.250343643902646
s1,92,15.749032180688983
s1,93,10.499354914388963
s1,94,5.2496774571944815
s1,95,0.0
s1,96,0.0
s10,1,0.0
s10,2,0.0
s10,3,0.0
s10,4,0.0
s10,5,0.0
s10,6,0.0
s10,7,2.9926903715268622
s10,8,4.489035557290294
s10,9,14.3948685944822
s10,10,24.28837707124
s10,11,0.0
s10,12,0.0
s10,13,46.47136387812541
s10,14,52.65420211840675
s10,15,0.0
s10,16,41.36196629555961
s10,17,35.7158484263663
s10,18,25.91487782812643
s10,19,16.11390731434706
s10,20,6.312936716107194
s10,21,4.208624505558295
s10,22,2.1043122105488985
s10,23,0.0
s10,24,0.0
s10,25,0.0
s10,26,0.0
s10,27,0.0
s10,28,0.0
s10,29,0.0
s10,30,1.2238717317013825
s10,31,2.447743463402765
s10,32,3.6716151951041476
s10,33,12.559519913049934
s10,34,21.437247056439144
s10,35,30.29829705205309
s10,36,36.438333160936274
s10,37,0.0
s10,38,0.0
s10,39,0.0
s10,40,38.61415849805609
s10,41,33.56203509996306
s10,42,24.296431646700682
s10,43,15.030828193438298
s10,44,5.765224824636415
s10,45,3.8434831882707767
s10,46,1.9217416363656377
s10,47,0.0
s10,48,0.0
s10,49,0.0
s10,50,0.0
s10,51,0.0
s10,52,0.0
s10,53,0.0
s10,54,0.0
s10,55,2.8193256538623706
s10,56,4.228988438563307
s10,57,13.328546352059501
s10,58,22.41655631940735
s10,59,0.0
s10,60,0.0
s10,61,0.0
s10,62,48.88458411267531
s10,63,43.628406261180956
s10,64,38.37222840968659
s10,65,33.11605055819224
s10,66,24.01965467684722
s10,67,14.923258879962702
s10,68,5.826863083078183
s10,69,3.884575416872288
s10,70,1.9422876662058948
s10,71,0.0
s10,72,0.0
s10,73,0.0
s10,74,0.0
s10,75,0.0
s10,76,0.0
s10,77,0.0
s10,78,0.0
s10,79,3.007758462340969
s10,80,4.511637777971953
s10,81,13.714451438352983
s10,82,22.904901179707508
s10,83,0.0
s10,84,0.0
s10,85,0.0
s10,86,0.0
s10,87,0.0
s10,88,0.0
s10,89,0.0
s10,90,0.0
s10,91,15.868291200892315
s10,92,6.381722106411368
s10,93,4.254481404274245
s10,94,2.1272407021371227
s10,95,0.0
s10,96,0.0
s11,1,0.0
s11,2,0.0
s11,3,0.0
s11,4,0.0
s11,5,0.0
s11,6,0.0
s11,7,0.0
s11,8,0.0
s11,9,0.0
s11,10,0.031745320139304575
s11,11,0.0
s11,12,0.0
s11,13,0.0
s11,14,0.0
s11,15,0.0
s11,16,0.0
s11,17,0.0
s11,18,0.03262552092076072
s11,19,0.0
s11,20,0.00783174563223412
s11,21,0.0
s11,22,0.002610581877411373
s11,23,0.0
s11,24,0.0
s11,25,0.0
s11,26,0.0
s11,27,0.0
s11,28,0.0
s11,29,0.0
s11,30,0.0016173315671101896
s11,31,0.0
s11,32,0.004851994811246932
s11,33,0.016283083756848317
s11,34,0.02770074048323543
s11,35,0.0
s11,36,0.0
s11,37,0.0
s11,38,0.0
s11,39,0.055195196421608014
s11,40,0.048634185397532066
s11,41,0.0
s11,42,0.030411643025083885
s11,43,0.018750111786628006
s11,44,0.00708858043825577
s11,45,0.0
s11,46,0.0023628601827240443
s11,47,0.0
s11,48,0.0
s11,49,0.0
s11,50,0.0
s11,51,0.0
s11,52,0.0
s11,53,0.0
s11,54,0.0018569309921595452
s11,55,0.0037138620942354533
s11,56,0.005570793086394998
s11,57,0.0
s11,58,0.0
s11,59,0.0
s11,60,0.0
s11,61,0.0
s11,62,0.0
s11,63,0.0
s11,64,0.0
s11,65,0.04255456231783875
s11,66,0.030853054718021595
s11,67,0.019151547118204437
s11,68,0.007450039628303651
s11,69,0.004966693085535766
s11,70,0.002483346542767883
s11,71,0.0
s11,72,0.0
s11,73,0.0
s11,74,0.0
s11,75,0.0
s11,76,0.0
s11,77,0.0
s11,78,0.0
s11,79,0.003943313710910946
s11,80,0.005914970566366418
s11,81,0.0
s11,82,0.0
s11,83,0.0
s11,84,0.0
s11,85,0.0
s11,86,0.0
s11,87,0.0
s11,88,0.0
s11,89,0.0
s11,90,0.0
s11,91,0.0
s11,92,0.00802051082784387
s11,93,0.00534700721856258
s11,94,0.00267350360928129
s11,95,0.0
s11,96,0.0
s2,1,0.0
s2,2,0.0
s2,3,0.0
s2,4,0.0
s2,5,0.0
s2,6,0.0
s2,7,0.0037943611122945343
s2,8,0.0
s2,9,0.0
s2,10,0.0
s2,11,0.0
s2,12,0.0
s2,13,0.0
s2,14,0.0
s2,15,0.0
s2,16,0.053445217123750395
s2,17,0.0
s2,18,0.0
s2,19,0.02146141916128101
s2,20,0.008807938971752628
s2,21,0.005871959314501753
s2,22,0.0
s2,23,0.0
s2,24,0.0
s2,25,0.0
s2,26,0.0
s2,27,0.0
s2,28,0.0
s2,29,0.0
s2,30,0.0015824501702978693
s2,31,0.0
s2,32,0.004747350402124967
s2,33,0.0
s2,34,0.0
s2,35,0.0
s2,36,0.0
s2,37,0.0
s2,38,0.0
s2,39,0.0
s2,40,0.0
s2,41,0.0
s2,42,0.0
s2,43,0.0
s2,44,0.008060066239240486
s2,45,0.0
s2,46,0.0026866887826697094
s2,47,0.0
s2,48,0.0
s2,49,0.0
s2,50,0.0
s2,51,0.0
s2,52,0.0
s2,53,0.0
s2,54,0.0017321904367029442
s2,55,0.0034643807646372467
s2,56,0.0
s2,57,0.0
s2,58,0.0
s2,59,0.0
s2,60,0.0
s2,61,0.0
s2,62,0.0
s2,63,0.0
s2,64,0.0
s2,65,0.0
s2,66,0.0
s2,67,0.020069552099921395
s2,68,0.008206594785190492
s2,69,0.005471063226383209
s2,70,0.0027355315588072837
s2,71,0.0
s2,72,0.0
s2,73,0.0
s2,74,0.0
s2,75,0.0
s2,76,0.0
s2,77,0.0
s2,78,0.0
s2,79,0.0
s2,80,0.0
s2,81,0.0
s2,82,0.0
s2,83,0.0
s2,84,0.0
s2,85,0.0
s2,86,0.0
s2,87,0.5796498746808
s2,88,0.0
s2,89,0.0
s2,90,0.0
s2,91,0.0
s2,92,0.08982011056233599
s2,93,0.059880073708224006
s2,94,0.029940036854112003
s2,95,0.0
s2,96,0.0
s3,1,0.0
s3,2,0.0
s3,3,0.0
s3,4,0.0
s3,5,0.0
s3,6,0.0
s3,7,7.8181369355743975
s3,8,18.388302797790516
s3,9,57.90753885265252
s3,10,97.37576272330305
s3,11,0.0
s3,12,161.4533667431189
s3,13,186.36334860524616
s3,14,211.2733304673734
s3,15,0.0
s3,16,168.20342001253604
s3,17,146.6684651270794
s3,18,107.0424620325504
s3,19,67.41645893802139
s3,20,27.790456185454428
s3,21,18.52697079030295
s3,22,3.217805681188061
s3,23,0.0
s3,24,0.0
s3,25,0.0
s3,26,0.0
s3,27,0.0
s3,28,0.0
s3,29,0.0
s3,30,4.977767054564611
s3,31,0.0
s3,32,14.933301163693832
s3,33,50.05273145735735
s3,34,85.13080554834505
s3,35,120.13267511316813
s3,36,0.0
s3,37,170.60757167776242
s3,38,195.84501978907855
s3,39,176.69747889585733
s3,40,0.0
s3,41,138.40239779333905
s3,42,100.64494698364452
s3,43,62.88749617394999
s3,44,25.13004536425548
s3,45,16.75336357617032
s3,46,8.37668178808516
s3,47,0.0
s3,48,0.0
s3,49,0.0
s3,50,0.0
s3,51,0.0
s3,52,0.0
s3,53,0.0
s3,54,5.460542535967393
s3,55,10.921085413896805
s3,56,16.381627949864203
s3,57,52.13160953386184
s3,58,87.83639433974622
s3,59,0.0
s3,60,148.75148162794002
s3,61,0.0
s3,62,73.6070374332056
s3,63,0.0
s3,64,0.0
s3,65,139.4297005995305
s3,66,101.6586619290038
s3,67,63.88762325847707
s3,68,26.116584587950356
s3,69,17.411056391966905
s3,70,8.705528195983453
s3,71,0.0
s3,72,0.0
s3,73,0.0
s3,74,0.0
s3,75,0.0
s3,76,0.0
s3,77,0.0
s3,78,45.349892877851445
s3,79,90.69978575570289
s3,80,136.04968125037564
s3,81,412.57965457859535
s3,82,688.7336456366842
s3,83,963.1097630577667
s3,84,930.6803985312312
s3,85,413.81190520689205
s3,86,0.0
s3,87,0.0
s3,88,742.8230699209728
s3,89,1073.3943445586178
s3,90,347.41622864773024
s3,91,509.7365830108614
s3,92,216.22187708731119
s3,93,144.14791893048124
s3,94,72.07395815682996
s3,95,0.0
s3,96,0.0
s4,1,0.0
s4,2,0.0
s4,3,0.0
s4,4,0.0
s4,5,0.0
s4,6,0.0
s4,7,2.203795604616965
s4,8,3.305693438512301
s4,9,10.577917525677886
s4,10,17.841002651787104
s4,11,0.0
s4,12,29.6327656094466
s4,13,0.0
s4,14,0.0
s4,15,0.0
s4,16,31.04141411408649
s4,17,27.163452875397745
s4,18,19.81420930065338
s4,19,12.46496572590902
s4,20,5.115722151164656
s4,21,3.410481434109771
s4,22,1.7052407170548856
s4,23,0.0
s4,24,0.0
s4,25,0.0
s4,26,0.0
s4,27,0.0
s4,28,0.0
s4,29,0.0
s4,30,0.0
s4,31,1.838199637180542
s4,32,2.757299487357666
s4,33,9.28444492186651
s4,34,15.803956382525518
s4,35,22.309878547210154
s4,36,26.914829848040853
s4,37,0.0
s4,38,36.12473244970224
s4,39,32.54135260435516
s4,40,28.957972822181794
s4,41,25.37459304000842
s4,42,18.47684587991887
s4,43,11.579098783003023
s4,44,4.6813516229134695
s4,45,3.120901060884411
s4,46,1.5604505620290587
s4,47,0.0
s4,48,0.0
s4,49,0.0
s4,50,0.0
s4,51,0.0
s4,52,0.0
s4,53,0.0
s4,54,0.0
s4,55,2.0121403513990264
s4,56,3.0182105586853925
s4,57,9.695796278169187
s4,58,16.36507667682569
s4,59,23.01231482172878
s4,60,27.46763130234058
s4,61,31.922947719778662
s4,62,0.0
s4,63,0.0
s4,64,29.08392881061041
s4,65,25.436761147307237
s4,66,18.5466596482032
s4,67,11.656558085925452
s4,68,4.766456586821414
s4,69,3.177637745605512
s4,70,1.5888188412159028
s4,71,0.0
s4,72,0.0
s4,73,0.0
s4,74,0.0
s4,75,0.0
s4,76,0.0
s4,77,0.0
s4,78,0.0
s4,79,21.904744450959996
s4,80,32.85711636088
s4,81,99.78348067912
s4,82,166.61933986487998
s4,83,232.99697248127998
s4,84,0.0
s4,85,0.0
s4,86,66.31069769599807
s4,87,336.66533125399997
s4,88,301.05273739968
s4,89,265.44014417648
s4,90,0.0
s4,91,123.25887895832
s4,92,52.16824603367999
s4,93,34.77883068912
s4,94,17.38941534456
s4,95,0.0
s4,96,0.0
s5,1,0.0
s5,2,0.0
s5,3,0.0
s5,4,0.0
s5,5,0.0
s5,6,0.0
s5,7,7.067023191332459
s5,8,10.60053478699869
s5,9,32.45674997454683
s5,10,54.28352492673716
s5,11,0.0
s5,12,89.28918377663105
s5,13,0.0
s5,14,115.93331041997462
s5,15,103.79789353259697
s5,16,91.66247645707156
s5,17,79.52705938154614
s5,18,58.0339103264333
s5,19,36.540761459468236
s5,20,15.047612404355394
s5,21,10.031741665619522
s5,22,5.015870738735872
s5,23,0.0
s5,24,0.0
s5,25,0.0
s5,26,0.0
s5,27,0.0
s5,28,0.0
s5,29,0.0
s5,30,0.0
s5,31,5.653310893819977
s5,32,8.479966340729966
s5,33,27.904672538777028
s5,34,47.305887357899564
s5,35,66.66097643230019
s5,36,80.33887075769218
s5,37,0.0
s5,38,0.0
s5,39,0.0
s5,40,0.0
s5,41,0.0
s5,42,54.64312725858618
s5,43,34.11522296339488
s5,44,13.58731866820357
s5,45,9.05821238275312
s5,46,4.52910628545045
s5,47,0.0
s5,48,0.0
s5,49,0.0
s5,50,0.0
s5,51,0.0
s5,52,0.0
s5,53,0.0
s5,54,3.1556064361565537
s5,55,6.311213060460885
s5,56,9.466819496617438
s5,57,29.28068566608458
s5,58,49.068387253002555
s5,59,68.70877853742041
s5,60,0.0
s5,61,0.0
s5,62,0.0
s5,63,98.83265204378851
s5,64,87.89976192165472
s5,65,0.0
s5,66,56.13564807497817
s5,67,35.304424350435426
s5,68,14.473200814040462
s5,69,9.64880054269364
s5,70,4.82440027134682
s5,71,0.0
s5,72,0.0
s5,73,0.0
s5,74,0.0
s5,75,0.0
s5,76,0.0
s5,77,0.0
s5,78,3.387595656346184
s5,79,6.775191312692368
s5,80,10.162786969038551
s5,81,30.19944945828003
s5,82,0.0
s5,83,0.0
s5,84,0.0
s5,85,97.52736178461655
s5,86,111.2522251330698
s5,87,100.18892451811872
s5,88,89.12562409131542
s5,89,0.0
s5,90,57.12323030350397
s5,91,36.184137318791414
s5,92,15.245044145931066
s5,93,10.163362701238118
s5,94,5.081681444692948
s5,95,0.0
s5,96,0.0
s6,1,0.0
s6,2,0.0
s6,3,0.0
s6,4,0.0
s6,5,0.0
s6,6,0.0
s6,7,0.0
s6,8,0.005611681409777549
s6,9,0.0181940236445074
s6,10,0.0
s6,11,0.0
s6,12,0.0
s6,13,0.0
s6,14,0.0
s6,15,0.0
s6,16,0.0
s6,17,0.0
s6,18,0.03318365145466091
s6,19,0.0
s6,20,0.008251818952131347
s6,21,0.00550121267110527
s6,22,0.0
s6,23,0.0
s6,24,0.0
s6,25,0.0
s6,26,0.0
s6,27,0.0
s6,28,0.0
s6,29,0.0
s6,30,0.001534628222264676
s6,31,0.003069256553582472
s6,32,0.004603884775847148
s6,33,0.0
s6,34,0.0
s6,35,0.0
s6,36,0.0
s6,37,0.0
s6,38,0.0
s6,39,0.0
s6,40,0.04907081087130091
s6,41,0.0
s6,42,0.0
s6,43,0.0
s6,44,0.007682232324682183
s6,45,0.005121488289156869
s6,46,0.0025607441445784345
s6,47,0.0
s6,48,0.0
s6,49,0.0
s6,50,0.0
s6,51,0.0
s6,52,0.0
s6,53,0.0
s6,54,0.0017192005190146558
s6,55,0.0034384009289761914
s6,56,0.005157601447990848
s6,57,0.016560038542191957
s6,58,0.0
s6,59,0.0
s6,60,0.0
s6,61,0.0
s6,62,0.0
s6,63,0.0
s6,64,0.0
s6,65,0.0
s6,66,0.0
s6,67,0.019318942020809242
s6,68,0.007829599949918905
s6,69,0.005219733263594897
s6,70,0.0026098666863240082
s6,71,0.0
s6,72,0.0
s6,73,0.0
s6,74,0.0
s6,75,0.0
s6,76,0.0
s6,77,0.0
s6,78,0.0
s6,79,0.0037113928412007475
s6,80,0.00556708926180112
s6,81,0.01713443637519457
s6,82,0.0
s6,83,0.040154530276800326
s6,84,0.0
s6,85,0.0
s6,86,0.0
s6,87,0.0
s6,88,0.0
s6,89,0.0
s6,90,0.0
s6,91,0.0
s6,92,0.008566653019802263
s6,93,0.005711102085903589
s6,94,0.0028555510429517945
s6,95,0.0
s6,96,0.0
s7,1,0.0
s7,2,0.0
s7,3,0.0
s7,4,0.0
s7,5,0.0
s7,6,0.0
s7,7,1.6862540785285292
s7,8,2.5293810947893243
s7,9,7.889821130502516
s7,10,13.24324681037841
s7,11,0.0
s7,12,21.772465284603243
s7,13,0.0
s7,14,28.207044675623564
s7,15,0.0
s7,16,22.15987664623727
s7,17,0.0
s7,18,13.938887774219452
s7,19,8.741482939898253
s7,20,3.544078059570113
s7,21,2.3627187063800754
s7,22,1.1813593531900377
s7,23,0.0
s7,24,0.0
s7,25,0.0
s7,26,0.0
s7,27,0.0
s7,28,0.0
s7,29,0.0
s7,30,0.6726618323507142
s7,31,1.3453236186944901
s7,32,2.017985451045204
s7,33,6.761459791960383
s7,34,11.499352065042087
s7,35,16.227422592903185
s7,36,19.494786539127457
s7,37,22.762150485351725
s7,38,0.0
s7,39,0.0
s7,40,20.679288718288106
s7,41,0.0
s7,42,13.056527329152443
s7,43,8.108878750653783
s7,44,3.161230126148186
s7,45,2.1074867507654576
s7,46,1.0537433753827288
s7,47,0.0
s7,48,0.0
s7,49,0.0
s7,50,0.0
s7,51,0.0
s7,52,0.0
s7,53,0.0
s7,54,0.0
s7,55,1.4973870394286544
s7,56,2.2460805361395124
s7,57,7.065752718476051
s7,58,11.879244052676865
s7,59,0.0
s7,60,19.96832270527139
s7,61,0.0
s7,62,0.0
s7,63,0.0
s7,64,21.090110434445346
s7,65,18.349262128216772
s7,66,13.348467944812072
s7,67,8.347673761407375
s7,68,3.346879578002677
s7,69,2.231253052001785
s7,70,1.1156265260008924
s7,71,0.0
s7,72,0.0
s7,73,0.0
s7,74,0.0
s7,75,0.0
s7,76,0.0
s7,77,0.0
s7,78,0.0
s7,79,1.6301412561354505
s7,80,2.4452118611997067
s7,81,7.34190126852911
s7,82,0.0
s7,83,0.0
s7,84,0.0
s7,85,0.0
s7,86,0.0
s7,87,0.0
s7,88,0.0
s7,89,0.0
s7,90,0.0
s7,91,8.686754282251512
s7,92,3.6108307685679666
s7,93,2.4072205277142906
s7,94,1.2036102408536762
s7,95,0.0
s7,96,0.0
s8,1,0.0
s8,2,0.0
s8,3,0.0
s8,4,0.0
s8,5,0.0
s8,6,0.0
s8,7,3.559154250688564
s8,8,5.338731421353113
s8,9,16.167859174081546
s8,10,2.960772262960127
s8,11,5.464231573269792
s8,12,24.152769597630943
s8,13,0.0
s8,14,0.0
s8,15,0.0
s8,16,35.96945888723133
s8,17,36.97391142823404
s8,18,26.42397675902715
s8,19,0.0
s8,20,6.832616513719571
s8,21,4.555077736240071
s8,22,2.2775388681200357
s8,23,0.0
s8,24,0.0
s8,25,0.0
s8,26,0.0
s8,27,0.0
s8,28,0.0
s8,29,0.0
s8,30,0.0
s8,31,2.7823073072075766
s8,32,4.173460960811365
s8,33,13.632665611216945
s8,34,23.080334259425406
s8,35,0.0
s8,36,39.00446601955938
s8,37,45.500755932797055
s8,38,0.0
s8,39,0.0
s8,40,40.911821690643045
s8,41,35.3692096129472
s8,42,25.598460934634428
s8,43,15.827712256321663
s8,44,6.056963578008893
s8,45,4.037975748886106
s8,46,2.0189878291227856
s8,47,0.0
s8,48,0.0
s8,49,0.0
s8,50,0.0
s8,51,0.0
s8,52,0.0
s8,53,0.0
s8,54,0.0
s8,55,3.122590185770275
s8,56,4.683885278655412
s8,57,14.495566769465889
s8,58,24.294399964410488
s8,59,0.0
s8,60,0.0
s8,61,0.0
s8,62,53.29088999641098
s8,63,47.77707940198048
s8,64,42.26326880754996
s8,65,36.74945812247893
s8,66,26.74585925700581
s8,67,16.742260391532696
s8,68,6.738661526059584
s8,69,4.492441047586568
s8,70,2.246220478473016
s8,71,0.0
s8,72,0.0
s8,73,0.0
s8,74,0.0
s8,75,0.0
s8,76,0.0
s8,77,0.0
s8,78,0.0
s8,79,3.4171221635456948
s8,80,5.1256832906388095
s8,81,15.07209921782141
s8,82,0.0
s8,83,34.860768419372995
s8,84,0.0
s8,85,0.0
s8,86,54.499834239235156
s8,87,0.0
s8,88,42.96837141075911
s8,89,0.0
s8,90,27.128338023924357
s8,91,17.054036006007347
s8,92,6.9797339880903415
s8,93,4.653155961846716
s8,94,2.3265780262436255
s8,95,0.0
s8,96,0.0
s9,1,0.0
s9,2,0.0
s9,3,0.0
s9,4,0.0
s9,5,0.0
s9,6,0.0
s9,7,0.0
s9,8,1.0583904969424083
s9,9,3.39391210666444
s9,10,5.726527925715853
s9,11,0.0
s9,12,9.498920696018326
s9,13,0.0
s9,14,12.414405373934242
s9,15,11.08320683239935
s9,16,0.0
s9,17,8.420809789156465
s9,18,6.110011843895678
s9,19,3.799213918548341
s9,20,1.4884159732875533
s9,21,0.9922773221628526
s9,22,0.0
s9,23,0.0
s9,24,0.0
s9,25,0.0
s9,26,0.0
s9,27,0.0
s9,28,0.0
s9,29,0.0
s9,30,0.2885551236513465
s9,31,0.577110247302693
s9,32,0.8656653709540396
s9,33,2.9611876209229537
s9,34,5.054310280143448
s9,35,7.143500928913997
s9,36,8.59115171839625
s9,37,10.038802507878502
s9,38,11.486453297360756
s9,39,0.0
s9,40,9.104151187975905
s9,41,0.0
s9,42,5.728426971962134
s9,43,3.5438538006840656
s9,44,1.3592806493194485
s9,45,0.9061870929084821
s9,46,0.4530935564109665
s9,47,0.0
s9,48,0.0
s9,49,0.0
s9,50,0.0
s9,51,0.0
s9,52,0.0
s9,53,0.0
s9,54,0.0
s9,55,0.6647190564102077
s9,56,0.9970785746585861
s9,57,3.1425027975477735
s9,58,5.285204333947485
s9,59,0.0
s9,60,0.0
s9,61,10.157166666161435
s9,62,11.525633649261728
s9,63,10.286372204957457
s9,64,0.0
s9,65,7.807849316348918
s9,66,5.663170613234995
s9,67,3.518491930034524
s9,68,1.373813246834053
s9,69,0.9158755045271856
s9,70,0.45793774230686735
s9,71,0.0
s9,72,0.0
s9,73,0.0
s9,74,0.0
s9,75,0.0
s9,76,0.0
s9,77,0.0
s9,78,0.0
s9,79,0.7091463039248835
s9,80,1.0637194758007764
s9,81,3.233488549574498
s9,82,0.0
s9,83,0.0
s9,84,0.0
s9,85,0.0
s9,86,0.0
s9,87,10.647457035454867
s9,88,9.431051493396945
s9,89,0.0
s9,90,5.97797518986996
s9,91,3.7413044284008965
s9,92,1.504633666931833
s9,93,1.0030891112878888
s9,94,0.5015445556439444
s9,95,0.0
s9,96,0.0
w1,1,161.92945735179404
w1,2,343.4907722861429
w1,3,238.11477727768164
w1,4,314.9675914454933
w1,5,300.706002655249
w1,6,255.64643997161932
w1,7,281.1911877337987
w1,8,271.4337802730736
w1,9,315.64525991320227
w1,10,360.4963179304637
w1,11,404.221410896809
w1,12,417.6355925690425
w1,13,431.0497742412759
w1,14,0.0
w1,15,424.01673821765996
w1,16,0.0
w1,17,383.1223060861224
w1,18,364.10173808653013
w1,19,345.0811684568573
w1,20,326.06060045726497
w1,21,335.4506187493272
w1,22,344.840635411309
w1,23,300.76054813085506
w1,24,145.32234868525344
w1,25,259.62228920283684
w1,26,352.39541781448037
w1,27,128.4771910763332
w1,28,296.5574994891762
w1,29,0.0
w1,30,58.76038250150607
w1,31,296.7917572319247
w1,32,288.6746361850848
w1,33,333.8847667004002
w1,34,378.29078992549495
w1,35,423.20794118589845
w1,36,437.86846283217415
w1,37,452.5289844784498
w1,38,467.1895061247255
w1,39,449.7559388382077
w1,40,432.32237318177044
w1,41,414.88880589525263
w1,42,386.40656289577777
w1,43,357.9243215263834
w1,44,329.4420785269085
w1,45,347.88920866484403
w1,46,366.33634043286
w1,47,384.78347057079554
w1,48,220.30392814074713
w1,49,356.6711368444056
w1,50,349.6700047559443
w1,51,335.3344641045638
w1,52,320.9989250832639
w1,53,144.48666021456984
w1,54,0.0
w1,55,291.9566695649654
w1,56,284.60331131646626
w1,57,322.33249392395186
w1,58,359.2689097111162
w1,59,397.1006325311962
w1,60,413.5973664845703
w1,61,430.0941004379443
w1,62,446.59083439131854
w1,63,426.78751641595454
w1,64,406.9841968105099
w1,65,387.1808772050655
w1,66,360.81626686691715
w1,67,334.45165489868833
w1,68,308.08704456054
w1,69,328.94916338080276
w1,70,349.81128220106547
w1,71,370.6734010213281
w1,72,363.6722689328669
w1,73,364.9502927811989
w1,74,363.88020525905665
w1,75,345.9183957222706
w1,76,327.9565861854845
w1,77,309.99477501861793
w1,78,303.4712418400723
w1,79,296.94770866152675
w1,80,290.4241754829811
w1,81,323.17117848131426
w1,82,0.0
w1,83,0.0
w1,84,405.98576599618804
w1,85,0.0
w1,86,0.0
w1,87,423.83164909947794
w1,88,0.0
w1,89,0.0
w1,90,367.1687915624669
w1,91,348.45509599371746
w1,92,329.7413987948876
w1,93,342.1910879283927
w1,94,354.6407770618978
w1,95,367.09046456532246
w1,96,366.02037867326067
w10,1,0.0
w10,2,3.8143380083148286
w10,3,0.0
w10,4,3.622035113934472
w10,5,3.525883646767872
w10,6,0.0
w10,7,3.3880021957825974
w10,8,3.319061450313539
w10,9,4.13732564834522
w10,10,4.953759766520207
w10,11,0.0
w10,12,6.136555008631257
w10,13,6.518944453463879
w10,14,6.901333898296501
w10,15,0.0
w10,16,6.1419616269041235
w10,17,5.762275511184356
w10,18,5.230335708814812
w10,19,4.6983959064452705
w10,20,4.166456104075728
w10,21,4.183613452319585
w10,22,4.200770800563442
w10,23,4.217928108854458
w10,24,0.0
w10,25,0.0
w10,26,3.798421635280087
w10,27,0.0
w10,28,0.0
w10,29,3.5378420116560183
w10,30,0.0
w10,31,3.5892230837675467
w10,32,3.6149136397997315
w10,33,4.6090322272813955
w10,34,5.593081460172785
w10,35,6.596178529861037
w10,36,6.831845159653745
w10,37,7.067511789446454
w10,38,7.303178459192002
w10,39,6.96242335107556
w10,40,6.621668282911959
w10,41,6.280913214748359
w10,42,5.682325600434961
w10,43,5.083737986121562
w10,44,4.485150371808165
w10,45,4.418389253605881
w10,46,4.3516281354035975
w10,47,4.284867057154155
w10,48,0.0
w10,49,4.1334698795199625
w10,50,4.016938707633026
w10,51,3.7878837936706535
w10,52,3.5588289196611234
w10,53,0.0
w10,54,0.0
w10,55,3.4524785308393398
w10,56,3.5138307534567916
w10,57,4.270847045740116
w10,58,5.018075491154212
w10,59,5.785941936408794
w10,60,6.13698278370495
w10,61,0.0
w10,62,6.839064558202946
w10,63,6.4723299151519145
w10,64,6.105595272100887
w10,65,5.738860629049856
w10,66,5.260887007446764
w10,67,4.782913385843675
w10,68,4.304939804193426
w10,69,4.32547061056023
w10,70,4.3460014568798755
w10,71,0.0
w10,72,4.250001091359742
w10,73,3.930192219255781
w10,74,3.8644702345074715
w10,75,3.6823698575380317
w10,76,3.500269480568591
w10,77,0.0
w10,78,3.3599553010657854
w10,79,3.4017414585795778
w10,80,3.44352761609337
w10,81,4.162339882676883
w10,82,4.871560151220087
w10,83,5.5698020980765754
w10,84,0.0
w10,85,6.398169570660944
w10,86,0.0
w10,87,6.400017349626411
w10,88,5.987681372323273
w10,89,0.0
w10,90,5.120696362129807
w10,91,4.666047329239477
w10,92,4.21139829634915
w10,93,4.161477580499286
w10,94,4.1115568646494225
w10,95,4.061636108846718
w10,96,3.99591416405125
w11,1,0.0
w11,2,1.9217512828188987
w11,3,0.0
w11,4,1.8519116078484372
w11,5,1.8169917703632068
w11,6,0.0
w11,7,1.676111912920485
w11,8,1.6056719924309122
w11,9,1.9119167162762682
w11,10,2.2191223367376294
w11,11,0.0
w11,12,2.6497539544950826
w11,13,2.7801975181542176
w11,14,0.0
w11,15,2.7530504312653243
w11,16,2.5954597807172948
w11,17,2.4378691301692657
w11,18,2.30507716909558
w11,19,2.172285208021894
w11,20,2.0394932469482083
w11,21,2.0483942958018004
w11,22,2.0572953446553925
w11,23,0.0
w11,24,0.0
w11,25,1.8187483022188535
w11,26,1.760337855766972
w11,27,0.0
w11,28,0.0
w11,29,0.0
w11,30,1.6853113476263597
w11,31,1.688518304068205
w11,32,1.691725244046474
w11,33,2.0923970058744903
w11,34,2.488356447721194
w11,35,2.8904464313806595
w11,36,2.9600073121543344
w11,37,3.0295681929280094
w11,38,3.0991290737016848
w11,39,2.9576739789118673
w11,40,2.8162188676584745
w11,41,2.674763772868657
w11,42,2.4774652982585703
w11,43,2.280166823648483
w11,44,2.0828683490383963
w11,45,2.033768647530046
w11,46,1.9846689295581192
w11,47,1.9355692280497687
w11,48,0.0
w11,49,1.9792475892107495
w11,50,1.9559584944149184
w11,51,1.8819231264795104
w11,52,1.8078877420805264
w11,53,0.0
w11,54,1.7030950884462508
w11,55,1.6723378192109595
w11,56,1.6415805499756682
w11,57,1.9414589406721108
w11,58,2.2367647048300014
w11,59,2.5433315385407247
w11,60,2.675717968809211
w11,61,2.808104382614122
w11,62,2.9404908128826084
w11,63,2.7928043698038905
w11,64,2.6451179431887484
w11,65,2.4974315001100305
w11,66,2.3164239974160425
w11,67,2.1354164947220546
w11,68,1.9544089920280672
w11,69,1.9782145821316568
w11,70,2.002020172235246
w11,71,0.0
w11,72,2.0025366675430045
w11,73,1.805686035128558
w11,74,1.784021648334963
w11,75,1.7633360046738085
w11,76,1.7426503774762299
w11,77,1.7219647338150752
w11,78,0.0
w11,79,1.680125205926403
w11,80,1.6592054337502784
w11,81,1.9354286949646284
w11,82,2.2103683076181406
w11,83,2.4824179205958714
w11,84,2.641261103546009
w11,85,2.8001042864961465
w11,86,2.9589474529827084
w11,87,2.7626754988027518
w11,88,2.566403544622795
w11,89,2.370131590442838
w11,90,2.2378950116435345
w11,91,2.105658432844231
w11,92,1.9734218540449278
w11,93,1.9319528224716254
w11,94,1.890483807361899
w11,95,1.8490147922521727
w11,96,1.8273504054585772
w2,1,0.0
w2,2,1.4145446309209815
w2,3,0.0
w2,4,1.2198597703581995
w2,5,1.122517327969687
w2,6,0.0
w2,7,1.1004852485540126
w2,8,1.0894691967390542
w2,9,1.5469186658072331
w2,10,2.0187885155083243
w2,11,0.0
w2,12,2.696210941136015
w2,13,2.9086820347179194
w2,14,3.121153128299823
w2,15,2.8541941286637367
w2,16,2.58723512902765
w2,17,2.3202761051773204
w2,18,2.0573503508863635
w2,19,1.7944245965954062
w2,20,1.5314988423044489
w2,21,1.5680792019832879
w2,22,1.6046595616621269
w2,23,0.0
w2,24,0.0
w2,25,0.0
w2,26,0.0
w2,27,0.0
w2,28,0.0
w2,29,0.0
w2,30,0.0
w2,31,0.0
w2,32,0.0
w2,33,0.0
w2,34,0.0
w2,35,0.0
w2,36,0.0
w2,37,0.0
w2,38,0.0
w2,39,0.0
w2,40,0.0
w2,41,0.0
w2,42,0.0
w2,43,0.0
w2,44,0.0
w2,45,0.0
w2,46,0.0
w2,47,0.0
w2,48,0.0
w2,49,0.0
w2,50,0.0
w2,51,0.0
w2,52,0.0
w2,53,0.0
w2,54,0.0
w2,55,0.0
w2,56,0.0
w2,57,0.0
w2,58,0.0
w2,59,0.0
w2,60,0.0
w2,61,0.0
w2,62,0.0
w2,63,0.0
w2,64,0.0
w2,65,0.0
w2,66,0.0
w2,67,0.0
w2,68,0.0
w2,69,0.0
w2,70,0.0
w2,71,0.0
w2,72,0.0
w2,73,1.4903987247149697
w2,74,1.3836779608204943
w2,75,1.358008224143642
w2,76,1.3323384874667898
w2,77,1.3066687507899375
w2,78,0.0
w2,79,1.2079327303021672
w2,80,1.1585647321654033
w2,81,1.5687359164611512
w2,82,0.0
w2,83,2.3760055238862354
w2,84,2.5716466291098077
w2,85,2.767287710119137
w2,86,2.962928791128466
w2,87,2.7467895061252654
w2,88,2.5306502211220643
w2,89,2.3145109361188636
w2,90,2.0345014039912193
w2,91,1.7544918718635742
w2,92,1.47448233973593
w2,93,1.550934985396674
w2,94,1.627387631057419
w2,95,1.7038402767181635
w2,96,1.5971194886094449
w3,1,57.53065592771102
w3,2,55.43634693208461
w3,3,53.44483645798411
w3,4,51.45332598388361
w3,5,49.4618155097831
w3,6,0.0
w3,7,45.37928323243311
w3,8,43.338016925356875
w3,9,51.855764215456176
w3,10,60.611466174962636
w3,11,0.0
w3,12,73.88544807360535
w3,13,78.5964144056515
w3,14,83.30738073769766
w3,15,77.39100904429289
w3,16,71.47463701408563
w3,17,65.55826532068086
w3,18,60.83508484605793
w3,19,56.111904371435
w3,20,51.388724233614575
w3,21,54.83224079539767
w3,22,58.275757357180744
w3,23,0.0
w3,24,59.62496492333742
w3,25,0.0
w3,26,60.19173953438393
w3,27,0.0
w3,28,0.0
w3,29,51.06421805836497
w3,30,0.0
w3,31,50.483838984031465
w3,32,50.19364927846346
w3,33,58.66571402499343
w3,34,66.99796329788984
w3,35,75.41523465648693
w3,36,78.92331356264681
w3,37,82.4313921320042
w3,38,0.0
w3,39,67.43627464825275
w3,40,74.74593130271514
w3,41,69.14916126658942
w3,42,64.39188021268585
w3,43,59.634599158782294
w3,44,54.87731810487874
w3,45,58.72418159137302
w3,46,62.57104541466978
w3,47,66.41790890116405
w3,48,0.0
w3,49,59.528021376430424
w3,50,58.14800581221001
w3,51,55.17203780403994
w3,52,52.19606979586989
w3,53,0.0
w3,54,16.057533284335868
w3,55,48.28174342188917
w3,56,47.81256407058259
w3,57,55.717363821629505
w3,58,63.488981087431284
w3,59,0.0
w3,60,75.44539969858268
w3,61,0.0
w3,62,83.2405483444868
w3,63,0.0
w3,64,72.56242959605981
w3,65,67.22337039024758
w3,66,61.6230198067695
w3,67,56.022669560093895
w3,68,50.4223193134183
w3,69,54.37756348603429
w3,70,58.33280765865028
w3,71,0.0
w3,72,60.90803660384835
w3,73,548.9570441939808
w3,74,536.4453429800685
w3,75,520.2468572973224
w3,76,504.04837161457635
w3,77,487.8498859318303
w3,78,468.91577386082577
w3,79,449.98165874205824
w3,80,431.0475436232907
w3,81,504.63909209475224
w3,82,577.0299529822643
w3,83,0.0
w3,84,0.0
w3,85,700.6261313644275
w3,86,727.1307649162703
w3,87,159.04057295553628
w3,88,0.0
w3,89,0.0
w3,90,539.3670993049427
w3,91,494.7438101133148
w3,92,450.1205239694498
w3,93,491.40716485356836
w3,94,532.6938087854498
w3,95,573.9804527173316
w3,96,561.468748455656
w4,1,0.0
w4,2,3.482780409503157
w4,3,3.2462600847850354
w4,4,3.009739704564407
w4,5,2.7732193243437786
w4,6,0.0
w4,7,2.7009565036614145
w4,8,2.664825093320232
w4,9,3.7430197859699534
w4,10,4.8552475056893485
w4,11,5.950898846752185
w4,12,6.4568676903593625
w4,13,0.0
w4,14,7.468805322071211
w4,15,6.837223815786208
w4,16,6.205642365003711
w4,17,0.0
w4,18,4.959348173798162
w4,19,4.3446355443801234
w4,20,3.7299228594595797
w4,21,3.8220332655394795
w4,22,3.9141436716193807
w4,23,4.006254077699282
w4,24,0.0
w4,25,0.0
w4,26,0.0
w4,27,0.0
w4,28,0.0
w4,29,0.0
w4,30,0.0
w4,31,0.0
w4,32,0.0
w4,33,0.0
w4,34,0.0
w4,35,0.0
w4,36,0.0
w4,37,0.0
w4,38,0.0
w4,39,0.0
w4,40,0.0
w4,41,0.0
w4,42,0.0
w4,43,0.0
w4,44,0.0
w4,45,0.0
w4,46,0.0
w4,47,0.0
w4,48,0.0
w4,49,0.0
w4,50,0.0
w4,51,0.0
w4,52,0.0
w4,53,0.0
w4,54,0.0
w4,55,0.0
w4,56,0.0
w4,57,0.0
w4,58,0.0
w4,59,0.0
w4,60,0.0
w4,61,0.0
w4,62,0.0
w4,63,0.0
w4,64,0.0
w4,65,0.0
w4,66,0.0
w4,67,0.0
w4,68,0.0
w4,69,0.0
w4,70,0.0
w4,71,0.0
w4,72,0.0
w4,73,3.6547139657205947
w4,74,3.398198696449599
w4,75,3.3315037207337186
w4,76,3.2648088005203446
w4,77,3.198113824804464
w4,78,0.0
w4,79,2.948523658799247
w4,80,2.823728603547892
w4,81,3.796529919204817
w4,82,4.761465697122125
w4,83,5.71049478962894
w4,84,6.177499263947007
w4,85,6.644503793767583
w4,86,7.111508268085651
w4,87,6.59577453545644
w4,88,6.080040802827229
w4,89,5.5643070701980175
w4,90,4.9116214017633695
w4,91,4.258935788831228
w4,92,3.606250120396579
w4,93,3.7934149520202527
w4,94,3.9805797836439267
w4,95,4.167744559765093
w4,96,3.9112292904940973
w5,1,0.0
w5,2,36.97836563213951
w5,3,0.0
w5,4,34.10851052201568
w5,5,32.67358277950098
w5,6,0.0
w5,7,31.360895240488844
w5,8,30.704551470982768
w5,9,37.976940806823485
w5,10,45.50421117939414
w5,11,0.0
w5,12,56.3924505586635
w5,13,59.90072970288902
w5,14,63.409008847114535
w5,15,60.06288572522855
w5,16,0.0
w5,17,0.0
w5,18,47.48964573037331
w5,19,41.60865197929004
w5,20,35.72765822820676
w5,21,37.42215145227916
w5,22,39.11664430144602
w5,23,40.811137525518426
w5,24,0.0
w5,25,0.0
w5,26,39.13658477775651
w5,27,0.0
w5,28,0.0
w5,29,0.0
w5,30,0.0
w5,31,0.0
w5,32,36.10188932156631
w5,33,43.75110222263405
w5,34,51.29975270882122
w5,35,58.99704987081539
w5,36,61.03948431156845
w5,37,0.0
w5,38,0.0
w5,39,0.0
w5,40,57.271595072024965
w5,41,0.0
w5,42,47.45053783299322
w5,43,41.55585965448629
w5,44,35.66118185088491
w5,45,38.46448672729384
w5,46,41.267791603702776
w5,47,44.07109648011172
w5,48,0.0
w5,49,41.71154255762643
w5,50,41.55700911489781
w5,51,39.709269873750124
w5,52,37.861530632602445
w5,53,0.0
w5,54,0.0
w5,55,33.92302112815226
w5,56,32.87763599650101
w5,57,40.17672123172959
w5,58,47.384225289396035
w5,59,0.0
w5,60,57.74064052839638
w5,61,0.0
w5,62,0.0
w5,63,60.15691990979413
w5,64,0.0
w5,65,52.96828559819182
w5,66,47.212524921604285
w5,67,41.45676387011121
w5,68,35.70100319352368
w5,69,37.807538610043686
w5,70,39.91407402656368
w5,71,0.0
w5,72,41.86607600035506
w5,73,41.48535716647972
w5,74,41.92792079453146
w5,75,40.27811856126654
w5,76,38.62831632800161
w5,77,0.0
w5,78,0.0
w5,79,34.157180385408765
w5,80,32.74651353074481
w5,81,0.0
w5,82,0.0
w5,83,54.59956337340271
w5,84,0.0
w5,85,0.0
w5,86,0.0
w5,87,0.0
w5,88,0.0
w5,89,0.0
w5,90,0.0
w5,91,0.0
w5,92,32.98254919027125
w5,93,35.52177584703588
w5,94,38.06100287870607
w5,95,40.60022991037625
w5,96,41.042793538427986
w6,1,0.0
w6,2,14.446964191240337
w6,3,0.0
w6,4,13.498264604881516
w6,5,13.023914811702102
w6,6,0.0
w6,7,12.502152010898865
w6,8,12.241270698843424
w6,9,15.89037709944178
w6,10,19.566552680198132
w6,11,23.17905372599225
w6,12,24.430238075804606
w6,13,25.68142251396313
w6,14,0.0
w6,15,24.88176911172747
w6,16,22.830931359679447
w6,17,20.780093519285252
w6,18,18.949395974924187
w6,19,17.118698430563118
w6,20,15.288000797855876
w6,21,15.277238378278701
w6,22,15.266475958701525
w6,23,15.255713539124349
w6,24,14.986130482060462
w6,25,0.0
w6,26,14.502799239877556
w6,27,0.0
w6,28,0.0
w6,29,0.0
w6,30,0.0
w6,31,0.0
w6,32,13.353973477020434
w6,33,17.215077659941226
w6,34,21.038984038597636
w6,35,24.91043179187244
w6,36,25.963147251112964
w6,37,27.015862710353492
w6,38,0.0
w6,39,0.0
w6,40,24.51239975498566
w6,41,22.734310591854573
w6,42,20.425916701145233
w6,43,18.1175228104359
w6,44,15.809128919726563
w6,45,16.109679608682402
w6,46,16.410230297638236
w6,47,16.710780986594074
w6,48,0.0
w6,49,14.645986217223737
w6,50,14.29672524538717
w6,51,13.925865842031161
w6,52,13.555006350328975
w6,53,0.0
w6,54,0.0
w6,55,12.806799930485962
w6,56,12.618126333896287
w6,57,15.668943945460576
w6,58,18.704902436893487
w6,59,21.78984110877658
w6,60,23.36115348358259
w6,61,24.932465946734773
w6,62,0.0
w6,63,18.57177089604879
w6,64,22.519797593884892
w6,65,20.527807230056943
w6,66,18.3311692207595
w6,67,16.134531299808234
w6,68,13.937893378856966
w6,69,14.406765002318991
w6,70,14.87563662578102
w6,71,0.0
w6,72,0.0
w6,73,134.86791020691854
w6,74,132.14581141785183
w6,75,127.02170655544887
w6,76,121.8976016930459
w6,77,0.0
w6,78,116.1171216497477
w6,79,115.46074726830672
w6,80,114.80437288686575
w6,81,137.95177904440126
w6,82,172.54155707237118
w6,83,200.69122627714046
w6,84,213.87245162644143
w6,85,227.05367777519675
w6,86,240.23490312449763
w6,87,222.71250730872524
w6,88,205.19011069349855
w6,89,187.66771407827184
w6,90,170.2739224816862
w6,91,152.88013008564633
w6,92,135.4863384890607
w6,93,137.09492772142158
w6,94,138.7035177532368
w6,95,140.31210698559767
w6,96,137.59000819653096
w7,1,10.50516783937219
w7,2,10.130823269226852
w7,3,0.0
w7,4,9.258789714943557
w7,5,8.82277293780191
w7,6,0.0
w7,7,8.555379321505075
w7,8,8.421682469007818
w7,9,10.689083633445522
w7,10,13.006222465843637
w7,11,15.280796523024677
w7,12,16.363937830666472
w7,13,17.44707904961059
w7,14,18.530220357252386
w7,15,17.189222474039397
w7,16,15.84822459082641
w7,17,14.50722670761342
w7,18,12.89708112276939
w7,19,11.286935449227673
w7,20,9.676789864383641
w7,21,10.20247884367826
w7,22,10.728167911670562
w7,23,11.253856979662864
w7,24,10.879512409517528
w7,25,0.0
w7,26,11.202382611113668
w7,27,0.0
w7,28,0.0
w7,29,0.0
w7,30,0.0
w7,31,0.0
w7,32,9.853569575251141
w7,33,12.087461288093344
w7,34,14.293905858422905
w7,35,16.530706411704806
w7,36,17.412222901128494
w7,37,18.293739301854504
w7,38,0.0
w7,39,0.0
w7,40,16.671207263291222
w7,41,15.41918299929774
w7,42,13.772559783670102
w7,43,12.125936568042459
w7,44,10.47931326371714
w7,45,11.028359180675
w7,46,11.57740509763286
w7,47,12.126451014590721
w7,48,0.0
w7,49,10.785688801115445
w7,50,10.558990390321155
w7,51,10.06086483619862
w7,52,9.562739282076086
w7,53,0.0
w7,54,0.0
w7,55,9.138631410340608
w7,56,9.175640251534135
w7,57,11.255989626698451
w7,58,13.310780232972961
w7,59,0.0
w7,60,16.403225936161842
w7,61,7.60861810140738
w7,62,18.381944710461163
w7,63,17.15456190394332
w7,64,12.606111603916688
w7,65,13.070413818724248
w7,66,12.952411622988526
w7,67,11.205026955069414
w7,68,9.4576422871503
w7,69,10.051456761900766
w7,70,10.645271325348917
w7,71,0.0
w7,72,0.0
w7,73,10.791584269860842
w7,74,10.660312944140957
w7,75,10.377776327603003
w7,76,10.09523971106505
w7,77,0.0
w7,78,9.532409997125649
w7,79,9.2521168997242
w7,80,8.971823802322755
w7,81,0.0
w7,82,0.0
w7,83,0.0
w7,84,0.0
w7,85,0.0
w7,86,0.0
w7,87,0.0
w7,88,0.0
w7,89,14.141586395669307
w7,90,0.0
w7,91,0.0
w7,92,9.090606583292868
w7,93,9.74511342176057
w7,94,10.39962017153059
w7,95,11.05412692130061
w7,96,10.922855595580726
w8,1,13.681361530295677
w8,2,13.530716840373534
w8,3,0.0
w8,4,13.30489191412261
w8,5,13.191979533235939
w8,6,0.0
w8,7,14.142219989274091
w8,8,14.617340135054377
w8,9,17.92376539915282
w8,10,21.31306154243698
w8,11,24.63373994050295
w8,12,25.4582547184543
w8,13,26.282769660883233
w8,14,0.0
w8,15,0.0
w8,16,23.877490596785588
w8,17,22.262593757999884
w8,18,19.571615979735824
w8,19,16.88063820147177
w8,20,14.189660587685292
w8,21,14.120657471488572
w8,22,14.05165435529185
w8,23,13.982651239095128
w8,24,13.832006384695402
w8,25,0.0
w8,26,13.647451351349378
w8,27,0.0
w8,28,0.0
w8,29,10.26620597991299
w8,30,0.0
w8,31,0.0
w8,32,15.495113248028687
w8,33,18.929807836045285
w8,34,22.321340545512108
w8,35,23.28838077737626
w8,36,24.314373376532245
w8,37,25.063496428381853
w8,38,19.612471183388806
w8,39,26.200042535105638
w8,40,16.447815991787508
w8,41,0.0
w8,42,20.360476129488543
w8,43,17.146371804145197
w8,44,13.93226747880185
w8,45,13.89316260433071
w8,46,13.854057729859573
w8,47,13.81495285538843
w8,48,0.0
w8,49,0.0
w8,50,0.0
w8,51,0.0
w8,52,0.0
w8,53,0.0
w8,54,0.0
w8,55,0.0
w8,56,0.0
w8,57,0.0
w8,58,0.0
w8,59,0.0
w8,60,0.0
w8,61,0.0
w8,62,0.0
w8,63,0.0
w8,64,0.0
w8,65,0.0
w8,66,0.0
w8,67,0.0
w8,68,0.0
w8,69,0.0
w8,70,0.0
w8,71,0.0
w8,72,0.0
w8,73,13.260884785270381
w8,74,13.691011265651627
w8,75,13.62837672149435
w8,76,13.565742177337075
w8,77,13.5031076331798
w8,78,13.739104182159638
w8,79,13.975100731139475
w8,80,14.211097280119313
w8,81,0.0
w8,82,0.0
w8,83,15.765071817919733
w8,84,24.458412593033195
w8,85,0.0
w8,86,0.0
w8,87,0.0
w8,88,0.0
w8,89,0.0
w8,90,0.0
w8,91,0.0
w8,92,12.088425080570373
w8,93,12.192493995216214
w8,94,12.296562745384472
w8,95,12.400631495552728
w8,96,12.830758140411554
w9,1,0.0
w9,2,20.01457139138413
w9,3,0.0
w9,4,19.063984640543065
w9,5,18.588691265122538
w9,6,0.0
w9,7,17.592731690674164
w9,8,17.094751826718817
w9,9,20.722090091062945
w9,10,24.346607564464993
w9,11,0.0
w9,12,29.631187746842674
w9,13,31.355871751558972
w9,14,33.08055575627527
w9,15,20.210456543730242
w9,16,29.93943830545741
w9,17,28.368879733510806
w9,18,26.14612777746629
w9,19,23.92337566795946
w9,20,21.700623711914943
w9,21,21.78202856797177
w9,22,21.86343327056627
w9,23,0.0
w9,24,0.0
w9,25,0.0
w9,26,0.0
w9,27,0.0
w9,28,0.0
w9,29,0.0
w9,30,0.0
w9,31,0.871370794125674
w9,32,17.532727370368626
w9,33,23.043208326311735
w9,34,0.0
w9,35,31.73095254257833
w9,36,32.77989160755236
w9,37,33.8288308259887
w9,38,34.87777004442505
w9,39,0.0
w9,40,32.03331981615164
w9,41,29.41751269247382
w9,42,0.0
w9,43,25.667883321592242
w9,44,23.196277631380894
w9,45,0.0
w9,46,11.25447643030494
w9,47,0.0
w9,48,0.0
w9,49,0.0
w9,50,0.0
w9,51,19.784119631182076
w9,52,0.0
w9,53,0.0
w9,54,0.0
w9,55,0.0
w9,56,0.0
w9,57,0.0
w9,58,0.0
w9,59,0.0
w9,60,15.647852458210075
w9,61,0.0
w9,62,0.0
w9,63,0.0
w9,64,29.620379395498862
w9,65,28.06281601298565
w9,66,0.0
w9,67,0.0
w9,68,22.11675997103465
w9,69,22.229685834583563
w9,70,0.0
w9,71,0.0
w9,72,0.0
w9,73,1.4357731689911284
w9,74,0.0
w9,75,0.0
w9,76,18.75423261973819
w9,77,46.89374732331814
w9,78,51.02089897735799
w9,79,9.473958785050513
w9,80,1.9689010152160193
w9,81,63.06265768995771
w9,82,0.0
w9,83,81.71420812574436
w9,84,0.0
w9,85,0.0
w9,86,0.0
w9,87,92.97718066402027
w9,88,87.66508866837475
w9,89,0.0
w9,90,0.0
w9,91,39.810255487693325
w9,92,65.12040840960779
w9,93,35.608133739062865
w9,94,64.00367941881893
w9,95,8.32680369005034
w9,96,29.60931620473057
