GEN_TP_FUELS_1,GEN_TP_FUELS_2,GEN_TP_FUELS_3,GenFuelUseRate
G106344,1,Coal,0.0
G106344,2,Coal,0.0
G106344,3,Coal,0.0
G106344,4,Coal,0.0
G106344,5,Coal,0.0
G106344,6,Coal,0.0
G106344,7,Coal,0.0
G106344,8,Coal,0.0
G106344,9,Coal,0.0
G106344,10,Coal,0.0
G106344,11,Coal,0.0
G106344,12,Coal,0.0
G106344,13,Coal,0.0
G106344,14,Coal,0.0
G106344,15,Coal,0.0
G106344,16,Coal,0.0
G106344,17,Coal,0.0
G106344,18,Coal,0.0
G106344,19,Coal,0.0
G106344,20,Coal,0.0
G106344,21,Coal,0.0
G106344,22,Coal,0.0
G106344,23,Coal,0.0
G106344,24,Coal,0.0
G106344,25,Coal,0.0
G106344,26,Coal,0.0
G106344,27,Coal,0.0
G106344,28,Coal,0.0
G106344,29,Coal,0.0
G106344,30,Coal,0.0
G106344,31,Coal,0.0
G106344,32,Coal,0.0
G106344,33,Coal,0.0
G106344,34,Coal,0.0
G106344,35,Coal,0.0
G106344,36,Coal,0.0
G106344,37,Coal,0.0
G106344,38,Coal,0.0
G106344,39,Coal,0.0
G106344,40,Coal,0.0
G106344,41,Coal,0.0
G106344,42,Coal,0.0
G106344,43,Coal,0.0
G106344,44,Coal,0.0
G106344,45,Coal,0.0
G106344,46,Coal,0.0
G106344,47,Coal,0.0
G106344,48,Coal,0.0
G106344,49,Coal,0.0
G106344,50,Coal,0.0
G106344,51,Coal,0.0
G106344,52,Coal,0.0
G106344,53,Coal,0.0
G106344,54,Coal,0.0
G106344,55,Coal,0.0
G106344,56,Coal,0.0
G106344,57,Coal,0.0
G106344,58,Coal,0.0
G106344,59,Coal,0.0
G106344,60,Coal,0.0
G106344,61,Coal,0.0
G106344,62,Coal,0.0
G106344,63,Coal,0.0
G106344,64,Coal,0.0
G106344,65,Coal,0.0
G106344,66,Coal,0.0
G106344,67,Coal,0.0
G106344,68,Coal,0.0
G106344,69,Coal,0.0
G106344,70,Coal,0.0
G106344,71,Coal,0.0
G106344,72,Coal,0.0
G106344,73,Coal,0.0
G106344,74,Coal,0.0
G106344,75,Coal,0.0
G106344,76,Coal,0.0
G106344,77,Coal,0.0
G106344,78,Coal,0.0
G106344,79,Coal,0.0
G106344,80,Coal,0.0
G106344,81,Coal,0.0
G106344,82,Coal,0.0
G106344,83,Coal,0.0
G106344,84,Coal,0.0
G106344,85,Coal,0.0
G106344,86,Coal,0.0
G106344,87,Coal,0.0
G106344,88,Coal,0.0
G106344,89,Coal,0.0
G106344,90,Coal,0.0
G106344,91,Coal,0.0
G106344,92,Coal,0.0
G106344,93,Coal,0.0
G106344,94,Coal,0.0
G106344,95,Coal,0.0
G106344,96,Coal,0.0
G106345,1,Coal,0.0
G106345,2,Coal,0.0
G106345,3,Coal,0.0
G106345,4,Coal,0.0
G106345,5,Coal,0.0
G106345,6,Coal,0.0
G106345,7,Coal,0.0
G106345,8,Coal,0.0
G106345,9,Coal,0.0
G106345,10,Coal,0.0
G106345,11,Coal,0.0
G106345,12,Coal,0.0
G106345,13,Coal,0.0
G106345,14,Coal,0.0
G106345,15,Coal,0.0
G106345,16,Coal,0.0
G106345,17,Coal,0.0
G106345,18,Coal,0.0
G106345,19,Coal,0.0
G106345,20,Coal,0.0
G106345,21,Coal,0.0
G106345,22,Coal,0.0
G106345,23,Coal,0.0
G106345,24,Coal,0.0
G106345,25,Coal,0.0
G106345,26,Coal,0.0
G106345,27,Coal,0.0
G106345,28,Coal,0.0
G106345,29,Coal,0.0
G106345,30,Coal,0.0
G106345,31,Coal,0.0
G106345,32,Coal,0.0
G106345,33,Coal,0.0
G106345,34,Coal,0.0
G106345,35,Coal,0.0
G106345,36,Coal,0.0
G106345,37,Coal,0.0
G106345,38,Coal,0.0
G106345,39,Coal,0.0
G106345,40,Coal,0.0
G106345,41,Coal,0.0
G106345,42,Coal,0.0
G106345,43,Coal,0.0
G106345,44,Coal,0.0
G106345,45,Coal,0.0
G106345,46,Coal,0.0
G106345,47,Coal,0.0
G106345,48,Coal,0.0
G106345,49,Coal,0.0
G106345,50,Coal,0.0
G106345,51,Coal,0.0
G106345,52,Coal,0.0
G106345,53,Coal,0.0
G106345,54,Coal,0.0
G106345,55,Coal,0.0
G106345,56,Coal,0.0
G106345,57,Coal,0.0
G106345,58,Coal,0.0
G106345,59,Coal,0.0
G106345,60,Coal,0.0
G106345,61,Coal,0.0
G106345,62,Coal,0.0
G106345,63,Coal,0.0
G106345,64,Coal,0.0
G106345,65,Coal,0.0
G106345,66,Coal,0.0
G106345,67,Coal,0.0
G106345,68,Coal,0.0
G106345,69,Coal,0.0
G106345,70,Coal,0.0
G106345,71,Coal,0.0
G106345,72,Coal,0.0
G106345,73,Coal,0.0
G106345,74,Coal,0.0
G106345,75,Coal,0.0
G106345,76,Coal,0.0
G106345,77,Coal,0.0
G106345,78,Coal,0.0
G106345,79,Coal,0.0
G106345,80,Coal,0.0
G106345,81,Coal,0.0
G106345,82,Coal,0.0
G106345,83,Coal,0.0
G106345,84,Coal,0.0
G106345,85,Coal,0.0
G106345,86,Coal,0.0
G106345,87,Coal,0.0
G106345,88,Coal,0.0
G106345,89,Coal,0.0
G106345,90,Coal,0.0
G106345,91,Coal,0.0
G106345,92,Coal,0.0
G106345,93,Coal,0.0
G106345,94,Coal,0.0
G106345,95,Coal,0.0
G106345,96,Coal,0.0
G106346,1,Coal,4653.09504
G106346,2,Coal,4653.09504
G106346,3,Coal,4653.09504
G106346,4,Coal,4653.09504
G106346,5,Coal,4653.09504
G106346,6,Coal,4653.09504
G106346,7,Coal,4653.09504
G106346,8,Coal,4653.09504
G106346,9,Coal,4653.09504
G106346,10,Coal,4653.09504
G106346,11,Coal,4653.09504
G106346,12,Coal,4653.09504
G106346,13,Coal,4653.09504
G106346,14,Coal,4653.09504
G106346,15,Coal,4653.09504
G106346,16,Coal,4653.09504
G106346,17,Coal,4653.09504
G106346,18,Coal,4653.09504
G106346,19,Coal,4653.09504
G106346,20,Coal,4653.09504
G106346,21,Coal,4653.09504
G106346,22,Coal,4653.09504
G106346,23,Coal,4653.09504
G106346,24,Coal,4653.09504
G106346,25,Coal,4653.095040000001
G106346,26,Coal,4653.095040000001
G106346,27,Coal,4653.095040000001
G106346,28,Coal,4653.095040000001
G106346,29,Coal,4653.095040000001
G106346,30,Coal,4653.095040000001
G106346,31,Coal,4653.095040000001
G106346,32,Coal,4653.095040000001
G106346,33,Coal,4653.095040000001
G106346,34,Coal,4653.095040000001
G106346,35,Coal,4653.095040000001
G106346,36,Coal,4653.095040000001
G106346,37,Coal,4653.095040000001
G106346,38,Coal,4653.095040000001
G106346,39,Coal,4653.095040000001
G106346,40,Coal,4653.095040000001
G106346,41,Coal,4653.095040000001
G106346,42,Coal,4653.095040000001
G106346,43,Coal,4653.095040000001
G106346,44,Coal,4653.095040000001
G106346,45,Coal,4653.095040000001
G106346,46,Coal,4653.095040000001
G106346,47,Coal,4653.095040000001
G106346,48,Coal,4653.095040000001
G106346,49,Coal,4653.09504
G106346,50,Coal,4653.09504
G106346,51,Coal,4653.09504
G106346,52,Coal,4653.09504
G106346,53,Coal,4653.09504
G106346,54,Coal,4653.09504
G106346,55,Coal,4653.09504
G106346,56,Coal,4653.09504
G106346,57,Coal,4653.09504
G106346,58,Coal,4653.09504
G106346,59,Coal,4653.09504
G106346,60,Coal,4653.09504
G106346,61,Coal,4653.09504
G106346,62,Coal,4653.09504
G106346,63,Coal,4653.09504
G106346,64,Coal,4653.09504
G106346,65,Coal,4653.09504
G106346,66,Coal,4653.09504
G106346,67,Coal,4653.09504
G106346,68,Coal,4653.09504
G106346,69,Coal,4653.09504
G106346,70,Coal,4653.09504
G106346,71,Coal,4653.09504
G106346,72,Coal,4653.09504
G106346,73,Coal,0.0
G106346,74,Coal,0.0
G106346,75,Coal,0.0
G106346,76,Coal,0.0
G106346,77,Coal,0.0
G106346,78,Coal,0.0
G106346,79,Coal,0.0
G106346,80,Coal,0.0
G106346,81,Coal,0.0
G106346,82,Coal,0.0
G106346,83,Coal,0.0
G106346,84,Coal,0.0
G106346,85,Coal,0.0
G106346,86,Coal,0.0
G106346,87,Coal,0.0
G106346,88,Coal,0.0
G106346,89,Coal,0.0
G106346,90,Coal,0.0
G106346,91,Coal,0.0
G106346,92,Coal,0.0
G106346,93,Coal,0.0
G106346,94,Coal,0.0
G106346,95,Coal,0.0
G106346,96,Coal,0.0
G106347,1,Coal,4653.09504
G106347,2,Coal,4653.09504
G106347,3,Coal,4653.09504
G106347,4,Coal,4653.09504
G106347,5,Coal,4653.09504
G106347,6,Coal,4653.09504
G106347,7,Coal,4653.09504
G106347,8,Coal,4653.09504
G106347,9,Coal,4653.09504
G106347,10,Coal,4653.09504
G106347,11,Coal,4653.09504
G106347,12,Coal,4653.09504
G106347,13,Coal,4653.09504
G106347,14,Coal,4653.09504
G106347,15,Coal,4653.09504
G106347,16,Coal,4653.09504
G106347,17,Coal,4653.09504
G106347,18,Coal,4653.09504
G106347,19,Coal,4653.09504
G106347,20,Coal,4653.09504
G106347,21,Coal,4653.09504
G106347,22,Coal,4653.09504
G106347,23,Coal,4653.09504
G106347,24,Coal,4653.09504
G106347,25,Coal,4653.095040000001
G106347,26,Coal,4653.095040000001
G106347,27,Coal,4653.095040000001
G106347,28,Coal,4653.095040000001
G106347,29,Coal,4653.095040000001
G106347,30,Coal,4653.095040000001
G106347,31,Coal,4653.095040000001
G106347,32,Coal,4653.095040000001
G106347,33,Coal,4653.095040000001
G106347,34,Coal,4653.095040000001
G106347,35,Coal,4653.095040000001
G106347,36,Coal,4653.095040000001
G106347,37,Coal,4653.095040000001
G106347,38,Coal,4653.095040000001
G106347,39,Coal,4653.095040000001
G106347,40,Coal,4653.095040000001
G106347,41,Coal,4653.095040000001
G106347,42,Coal,4653.095040000001
G106347,43,Coal,4653.095040000001
G106347,44,Coal,4653.095040000001
G106347,45,Coal,4653.095040000001
G106347,46,Coal,4653.095040000001
G106347,47,Coal,4653.095040000001
G106347,48,Coal,4653.095040000001
G106347,49,Coal,4653.09504
G106347,50,Coal,4653.09504
G106347,51,Coal,4653.09504
G106347,52,Coal,4653.09504
G106347,53,Coal,4653.09504
G106347,54,Coal,4653.09504
G106347,55,Coal,4653.09504
G106347,56,Coal,4653.09504
G106347,57,Coal,4653.09504
G106347,58,Coal,4653.09504
G106347,59,Coal,4653.09504
G106347,60,Coal,4653.09504
G106347,61,Coal,4653.09504
G106347,62,Coal,4653.09504
G106347,63,Coal,4653.09504
G106347,64,Coal,4653.09504
G106347,65,Coal,4653.09504
G106347,66,Coal,4653.09504
G106347,67,Coal,4653.09504
G106347,68,Coal,4653.09504
G106347,69,Coal,4653.09504
G106347,70,Coal,4653.09504
G106347,71,Coal,4653.09504
G106347,72,Coal,4653.09504
G106347,73,Coal,0.0
G106347,74,Coal,0.0
G106347,75,Coal,0.0
G106347,76,Coal,0.0
G106347,77,Coal,0.0
G106347,78,Coal,0.0
G106347,79,Coal,0.0
G106347,80,Coal,0.0
G106347,81,Coal,0.0
G106347,82,Coal,0.0
G106347,83,Coal,0.0
G106347,84,Coal,0.0
G106347,85,Coal,0.0
G106347,86,Coal,0.0
G106347,87,Coal,0.0
G106347,88,Coal,0.0
G106347,89,Coal,0.0
G106347,90,Coal,0.0
G106347,91,Coal,0.0
G106347,92,Coal,0.0
G106347,93,Coal,0.0
G106347,94,Coal,0.0
G106347,95,Coal,0.0
G106347,96,Coal,0.0
G106348,1,Coal,0.0
G106348,2,Coal,0.0
G106348,3,Coal,0.0
G106348,4,Coal,0.0
G106348,5,Coal,0.0
G106348,6,Coal,0.0
G106348,7,Coal,0.0
G106348,8,Coal,0.0
G106348,9,Coal,0.0
G106348,10,Coal,0.0
G106348,11,Coal,0.0
G106348,12,Coal,0.0
G106348,13,Coal,0.0
G106348,14,Coal,0.0
G106348,15,Coal,0.0
G106348,16,Coal,0.0
G106348,17,Coal,0.0
G106348,18,Coal,0.0
G106348,19,Coal,0.0
G106348,20,Coal,0.0
G106348,21,Coal,0.0
G106348,22,Coal,0.0
G106348,23,Coal,0.0
G106348,24,Coal,0.0
G106348,25,Coal,0.0
G106348,26,Coal,0.0
G106348,27,Coal,0.0
G106348,28,Coal,0.0
G106348,29,Coal,0.0
G106348,30,Coal,0.0
G106348,31,Coal,0.0
G106348,32,Coal,0.0
G106348,33,Coal,0.0
G106348,34,Coal,0.0
G106348,35,Coal,0.0
G106348,36,Coal,0.0
G106348,37,Coal,0.0
G106348,38,Coal,0.0
G106348,39,Coal,0.0
G106348,40,Coal,0.0
G106348,41,Coal,0.0
G106348,42,Coal,0.0
G106348,43,Coal,0.0
G106348,44,Coal,0.0
G106348,45,Coal,0.0
G106348,46,Coal,0.0
G106348,47,Coal,0.0
G106348,48,Coal,0.0
G106348,49,Coal,0.0
G106348,50,Coal,0.0
G106348,51,Coal,0.0
G106348,52,Coal,0.0
G106348,53,Coal,0.0
G106348,54,Coal,0.0
G106348,55,Coal,0.0
G106348,56,Coal,0.0
G106348,57,Coal,0.0
G106348,58,Coal,0.0
G106348,59,Coal,0.0
G106348,60,Coal,0.0
G106348,61,Coal,0.0
G106348,62,Coal,0.0
G106348,63,Coal,0.0
G106348,64,Coal,0.0
G106348,65,Coal,0.0
G106348,66,Coal,0.0
G106348,67,Coal,0.0
G106348,68,Coal,0.0
G106348,69,Coal,0.0
G106348,70,Coal,0.0
G106348,71,Coal,0.0
G106348,72,Coal,0.0
G106348,73,Coal,0.0
G106348,74,Coal,0.0
G106348,75,Coal,0.0
G106348,76,Coal,0.0
G106348,77,Coal,0.0
G106348,78,Coal,0.0
G106348,79,Coal,0.0
G106348,80,Coal,0.0
G106348,81,Coal,0.0
G106348,82,Coal,0.0
G106348,83,Coal,0.0
G106348,84,Coal,0.0
G106348,85,Coal,0.0
G106348,86,Coal,0.0
G106348,87,Coal,0.0
G106348,88,Coal,0.0
G106348,89,Coal,0.0
G106348,90,Coal,0.0
G106348,91,Coal,0.0
G106348,92,Coal,0.0
G106348,93,Coal,0.0
G106348,94,Coal,0.0
G106348,95,Coal,0.0
G106348,96,Coal,0.0
G106349,1,Coal,554.2977462590214
G106349,2,Coal,554.2977462590214
G106349,3,Coal,554.2977462590214
G106349,4,Coal,554.2977462590214
G106349,5,Coal,554.2977462590214
G106349,6,Coal,554.2977462590214
G106349,7,Coal,554.2977462590214
G106349,8,Coal,554.2977462590214
G106349,9,Coal,554.2977462590214
G106349,10,Coal,554.2977462590214
G106349,11,Coal,554.2977462590214
G106349,12,Coal,554.2977462590214
G106349,13,Coal,554.2977462590214
G106349,14,Coal,554.2977462590214
G106349,15,Coal,554.2977462590214
G106349,16,Coal,554.2977462590214
G106349,17,Coal,554.2977462590214
G106349,18,Coal,554.2977462590214
G106349,19,Coal,554.2977462590214
G106349,20,Coal,554.2977462590214
G106349,21,Coal,554.2977462590214
G106349,22,Coal,554.2977462590214
G106349,23,Coal,554.2977462590214
G106349,24,Coal,554.2977462590214
G106349,25,Coal,554.2977462590271
G106349,26,Coal,554.2977462590271
G106349,27,Coal,554.2977462590271
G106349,28,Coal,554.2977462590271
G106349,29,Coal,554.2977462590271
G106349,30,Coal,554.2977462590271
G106349,31,Coal,554.2977462590271
G106349,32,Coal,554.2977462590271
G106349,33,Coal,554.2977462590271
G106349,34,Coal,554.2977462590271
G106349,35,Coal,554.2977462590271
G106349,36,Coal,554.2977462590271
G106349,37,Coal,554.2977462590271
G106349,38,Coal,554.2977462590271
G106349,39,Coal,554.2977462590271
G106349,40,Coal,554.2977462590271
G106349,41,Coal,554.2977462590271
G106349,42,Coal,554.2977462590271
G106349,43,Coal,554.2977462590271
G106349,44,Coal,554.2977462590271
G106349,45,Coal,554.2977462590271
G106349,46,Coal,554.2977462590271
G106349,47,Coal,554.2977462590271
G106349,48,Coal,554.2977462590271
G106349,49,Coal,554.2977462590272
G106349,50,Coal,554.2977462590272
G106349,51,Coal,554.2977462590272
G106349,52,Coal,554.2977462590272
G106349,53,Coal,554.2977462590272
G106349,54,Coal,554.2977462590272
G106349,55,Coal,554.2977462590272
G106349,56,Coal,554.2977462590272
G106349,57,Coal,554.2977462590272
G106349,58,Coal,554.2977462590272
G106349,59,Coal,554.2977462590272
G106349,60,Coal,554.2977462590272
G106349,61,Coal,554.2977462590272
G106349,62,Coal,554.2977462590272
G106349,63,Coal,554.2977462590272
G106349,64,Coal,554.2977462590272
G106349,65,Coal,554.2977462590272
G106349,66,Coal,554.2977462590272
G106349,67,Coal,554.2977462590272
G106349,68,Coal,554.2977462590272
G106349,69,Coal,554.2977462590272
G106349,70,Coal,554.2977462590272
G106349,71,Coal,554.2977462590272
G106349,72,Coal,554.2977462590272
G106349,73,Coal,0.0
G106349,74,Coal,0.0
G106349,75,Coal,0.0
G106349,76,Coal,0.0
G106349,77,Coal,0.0
G106349,78,Coal,0.0
G106349,79,Coal,0.0
G106349,80,Coal,0.0
G106349,81,Coal,0.0
G106349,82,Coal,0.0
G106349,83,Coal,0.0
G106349,84,Coal,0.0
G106349,85,Coal,0.0
G106349,86,Coal,0.0
G106349,87,Coal,0.0
G106349,88,Coal,0.0
G106349,89,Coal,0.0
G106349,90,Coal,0.0
G106349,91,Coal,0.0
G106349,92,Coal,0.0
G106349,93,Coal,0.0
G106349,94,Coal,0.0
G106349,95,Coal,0.0
G106349,96,Coal,0.0
G106470,1,Coal,2623.34688
G106470,2,Coal,2623.34688
G106470,3,Coal,2623.34688
G106470,4,Coal,2623.34688
G106470,5,Coal,2623.34688
G106470,6,Coal,2623.34688
G106470,7,Coal,2623.34688
G106470,8,Coal,2623.34688
G106470,9,Coal,2623.34688
G106470,10,Coal,2623.34688
G106470,11,Coal,2623.34688
G106470,12,Coal,2623.34688
G106470,13,Coal,2623.34688
G106470,14,Coal,2623.34688
G106470,15,Coal,2623.34688
G106470,16,Coal,2623.34688
G106470,17,Coal,2623.34688
G106470,18,Coal,2623.34688
G106470,19,Coal,2623.34688
G106470,20,Coal,2623.34688
G106470,21,Coal,2623.34688
G106470,22,Coal,2623.34688
G106470,23,Coal,2623.34688
G106470,24,Coal,2623.34688
G106470,25,Coal,2623.34688
G106470,26,Coal,2623.34688
G106470,27,Coal,2623.34688
G106470,28,Coal,2623.34688
G106470,29,Coal,2623.34688
G106470,30,Coal,2623.34688
G106470,31,Coal,2623.34688
G106470,32,Coal,2623.34688
G106470,33,Coal,2623.34688
G106470,34,Coal,2623.34688
G106470,35,Coal,2623.34688
G106470,36,Coal,2623.34688
G106470,37,Coal,2623.34688
G106470,38,Coal,2623.34688
G106470,39,Coal,2623.34688
G106470,40,Coal,2623.34688
G106470,41,Coal,2623.34688
G106470,42,Coal,2623.34688
G106470,43,Coal,2623.34688
G106470,44,Coal,2623.34688
G106470,45,Coal,2623.34688
G106470,46,Coal,2623.34688
G106470,47,Coal,2623.34688
G106470,48,Coal,2623.34688
G106470,49,Coal,2623.34688
G106470,50,Coal,2623.34688
G106470,51,Coal,2623.34688
G106470,52,Coal,2623.34688
G106470,53,Coal,2623.34688
G106470,54,Coal,2623.34688
G106470,55,Coal,2623.34688
G106470,56,Coal,2623.34688
G106470,57,Coal,2623.34688
G106470,58,Coal,2623.34688
G106470,59,Coal,2623.34688
G106470,60,Coal,2623.34688
G106470,61,Coal,2623.34688
G106470,62,Coal,2623.34688
G106470,63,Coal,2623.34688
G106470,64,Coal,2623.34688
G106470,65,Coal,2623.34688
G106470,66,Coal,2623.34688
G106470,67,Coal,2623.34688
G106470,68,Coal,2623.34688
G106470,69,Coal,2623.34688
G106470,70,Coal,2623.34688
G106470,71,Coal,2623.34688
G106470,72,Coal,2623.34688
G106470,73,Coal,2623.34688
G106470,74,Coal,2623.34688
G106470,75,Coal,2623.34688
G106470,76,Coal,2623.34688
G106470,77,Coal,2623.34688
G106470,78,Coal,2623.34688
G106470,79,Coal,2623.34688
G106470,80,Coal,2623.34688
G106470,81,Coal,2623.34688
G106470,82,Coal,2623.34688
G106470,83,Coal,2623.34688
G106470,84,Coal,2623.34688
G106470,85,Coal,2623.34688
G106470,86,Coal,2623.34688
G106470,87,Coal,2623.34688
G106470,88,Coal,2623.34688
G106470,89,Coal,2623.34688
G106470,90,Coal,2623.34688
G106470,91,Coal,2623.34688
G106470,92,Coal,2623.34688
G106470,93,Coal,2623.34688
G106470,94,Coal,2623.34688
G106470,95,Coal,2623.34688
G106470,96,Coal,2623.34688
G106471,1,Coal,2623.34688
G106471,2,Coal,2623.34688
G106471,3,Coal,2623.34688
G106471,4,Coal,2623.34688
G106471,5,Coal,2623.34688
G106471,6,Coal,2623.34688
G106471,7,Coal,2623.34688
G106471,8,Coal,2623.34688
G106471,9,Coal,2623.34688
G106471,10,Coal,2623.34688
G106471,11,Coal,2623.34688
G106471,12,Coal,2623.34688
G106471,13,Coal,2623.34688
G106471,14,Coal,2623.34688
G106471,15,Coal,2623.34688
G106471,16,Coal,2623.34688
G106471,17,Coal,2623.34688
G106471,18,Coal,2623.34688
G106471,19,Coal,2623.34688
G106471,20,Coal,2623.34688
G106471,21,Coal,2623.34688
G106471,22,Coal,2623.34688
G106471,23,Coal,2623.34688
G106471,24,Coal,2623.34688
G106471,25,Coal,2623.34688
G106471,26,Coal,2623.34688
G106471,27,Coal,2623.34688
G106471,28,Coal,2623.34688
G106471,29,Coal,2623.34688
G106471,30,Coal,2623.34688
G106471,31,Coal,2623.34688
G106471,32,Coal,2623.34688
G106471,33,Coal,2623.34688
G106471,34,Coal,2623.34688
G106471,35,Coal,2623.34688
G106471,36,Coal,2623.34688
G106471,37,Coal,2623.34688
G106471,38,Coal,2623.34688
G106471,39,Coal,2623.34688
G106471,40,Coal,2623.34688
G106471,41,Coal,2623.34688
G106471,42,Coal,2623.34688
G106471,43,Coal,2623.34688
G106471,44,Coal,2623.34688
G106471,45,Coal,2623.34688
G106471,46,Coal,2623.34688
G106471,47,Coal,2623.34688
G106471,48,Coal,2623.34688
G106471,49,Coal,2623.34688
G106471,50,Coal,2623.34688
G106471,51,Coal,2623.34688
G106471,52,Coal,2623.34688
G106471,53,Coal,2623.34688
G106471,54,Coal,2623.34688
G106471,55,Coal,2623.34688
G106471,56,Coal,2623.34688
G106471,57,Coal,2623.34688
G106471,58,Coal,2623.34688
G106471,59,Coal,2623.34688
G106471,60,Coal,2623.34688
G106471,61,Coal,2623.34688
G106471,62,Coal,2623.34688
G106471,63,Coal,2623.34688
G106471,64,Coal,2623.34688
G106471,65,Coal,2623.34688
G106471,66,Coal,2623.34688
G106471,67,Coal,2623.34688
G106471,68,Coal,2623.34688
G106471,69,Coal,2623.34688
G106471,70,Coal,2623.34688
G106471,71,Coal,2623.34688
G106471,72,Coal,2623.34688
G106471,73,Coal,2623.34688
G106471,74,Coal,2623.34688
G106471,75,Coal,2623.34688
G106471,76,Coal,2623.34688
G106471,77,Coal,2623.34688
G106471,78,Coal,2623.34688
G106471,79,Coal,2623.34688
G106471,80,Coal,2623.34688
G106471,81,Coal,2623.34688
G106471,82,Coal,2623.34688
G106471,83,Coal,2623.34688
G106471,84,Coal,2623.34688
G106471,85,Coal,2623.34688
G106471,86,Coal,2623.34688
G106471,87,Coal,2623.34688
G106471,88,Coal,2623.34688
G106471,89,Coal,2623.34688
G106471,90,Coal,2623.34688
G106471,91,Coal,2623.34688
G106471,92,Coal,2623.34688
G106471,93,Coal,2623.34688
G106471,94,Coal,2623.34688
G106471,95,Coal,2623.34688
G106471,96,Coal,2623.34688
G109041,1,Coal,2248.5830399999995
G109041,2,Coal,2248.5830399999995
G109041,3,Coal,2248.5830399999995
G109041,4,Coal,2248.5830399999995
G109041,5,Coal,2248.5830399999995
G109041,6,Coal,2248.5830399999995
G109041,7,Coal,2248.5830399999995
G109041,8,Coal,2248.5830399999995
G109041,9,Coal,2248.5830399999995
G109041,10,Coal,2248.5830399999995
G109041,11,Coal,2248.5830399999995
G109041,12,Coal,2248.5830399999995
G109041,13,Coal,2248.5830399999995
G109041,14,Coal,2248.5830399999995
G109041,15,Coal,2248.5830399999995
G109041,16,Coal,2248.5830399999995
G109041,17,Coal,2248.5830399999995
G109041,18,Coal,2248.5830399999995
G109041,19,Coal,2248.5830399999995
G109041,20,Coal,2248.5830399999995
G109041,21,Coal,2248.5830399999995
G109041,22,Coal,2248.5830399999995
G109041,23,Coal,2248.5830399999995
G109041,24,Coal,2248.5830399999995
G109041,25,Coal,2248.5830399999995
G109041,26,Coal,2248.5830399999995
G109041,27,Coal,2248.5830399999995
G109041,28,Coal,2248.5830399999995
G109041,29,Coal,2248.5830399999995
G109041,30,Coal,2248.5830399999995
G109041,31,Coal,2248.5830399999995
G109041,32,Coal,2248.5830399999995
G109041,33,Coal,2248.5830399999995
G109041,34,Coal,2248.5830399999995
G109041,35,Coal,2248.5830399999995
G109041,36,Coal,2248.5830399999995
G109041,37,Coal,2248.5830399999995
G109041,38,Coal,2248.5830399999995
G109041,39,Coal,2248.5830399999995
G109041,40,Coal,2248.5830399999995
G109041,41,Coal,2248.5830399999995
G109041,42,Coal,2248.5830399999995
G109041,43,Coal,2248.5830399999995
G109041,44,Coal,2248.5830399999995
G109041,45,Coal,2248.5830399999995
G109041,46,Coal,2248.5830399999995
G109041,47,Coal,2248.5830399999995
G109041,48,Coal,2248.5830399999995
G109041,49,Coal,2248.5830399999995
G109041,50,Coal,2248.5830399999995
G109041,51,Coal,2248.5830399999995
G109041,52,Coal,2248.5830399999995
G109041,53,Coal,2248.5830399999995
G109041,54,Coal,2248.5830399999995
G109041,55,Coal,2248.5830399999995
G109041,56,Coal,2248.5830399999995
G109041,57,Coal,2248.5830399999995
G109041,58,Coal,2248.5830399999995
G109041,59,Coal,2248.5830399999995
G109041,60,Coal,2248.5830399999995
G109041,61,Coal,2248.5830399999995
G109041,62,Coal,2248.5830399999995
G109041,63,Coal,2248.5830399999995
G109041,64,Coal,2248.5830399999995
G109041,65,Coal,2248.5830399999995
G109041,66,Coal,2248.5830399999995
G109041,67,Coal,2248.5830399999995
G109041,68,Coal,2248.5830399999995
G109041,69,Coal,2248.5830399999995
G109041,70,Coal,2248.5830399999995
G109041,71,Coal,2248.5830399999995
G109041,72,Coal,2248.5830399999995
G109041,73,Coal,2248.5830399999995
G109041,74,Coal,2248.5830399999995
G109041,75,Coal,2248.5830399999995
G109041,76,Coal,2248.5830399999995
G109041,77,Coal,2248.5830399999995
G109041,78,Coal,2248.5830399999995
G109041,79,Coal,2248.5830399999995
G109041,80,Coal,2248.5830399999995
G109041,81,Coal,2248.5830399999995
G109041,82,Coal,2248.5830399999995
G109041,83,Coal,2248.5830399999995
G109041,84,Coal,2248.5830399999995
G109041,85,Coal,2248.5830399999995
G109041,86,Coal,2248.5830399999995
G109041,87,Coal,2248.5830399999995
G109041,88,Coal,2248.5830399999995
G109041,89,Coal,2248.5830399999995
G109041,90,Coal,2248.5830399999995
G109041,91,Coal,2248.5830399999995
G109041,92,Coal,2248.5830399999995
G109041,93,Coal,2248.5830399999995
G109041,94,Coal,2248.5830399999995
G109041,95,Coal,2248.5830399999995
G109041,96,Coal,2248.5830399999995
G109042,1,Coal,2248.5830399999995
G109042,2,Coal,2248.5830399999995
G109042,3,Coal,2248.5830399999995
G109042,4,Coal,2248.5830399999995
G109042,5,Coal,2248.5830399999995
G109042,6,Coal,2248.5830399999995
G109042,7,Coal,2248.5830399999995
G109042,8,Coal,2248.5830399999995
G109042,9,Coal,2248.5830399999995
G109042,10,Coal,2248.5830399999995
G109042,11,Coal,2248.5830399999995
G109042,12,Coal,2248.5830399999995
G109042,13,Coal,2248.5830399999995
G109042,14,Coal,2248.5830399999995
G109042,15,Coal,2248.5830399999995
G109042,16,Coal,2248.5830399999995
G109042,17,Coal,2248.5830399999995
G109042,18,Coal,2248.5830399999995
G109042,19,Coal,2248.5830399999995
G109042,20,Coal,2248.5830399999995
G109042,21,Coal,2248.5830399999995
G109042,22,Coal,2248.5830399999995
G109042,23,Coal,2248.5830399999995
G109042,24,Coal,2248.5830399999995
G109042,25,Coal,2248.5830399999995
G109042,26,Coal,2248.5830399999995
G109042,27,Coal,2248.5830399999995
G109042,28,Coal,2248.5830399999995
G109042,29,Coal,2248.5830399999995
G109042,30,Coal,2248.5830399999995
G109042,31,Coal,2248.5830399999995
G109042,32,Coal,2248.5830399999995
G109042,33,Coal,2248.5830399999995
G109042,34,Coal,2248.5830399999995
G109042,35,Coal,2248.5830399999995
G109042,36,Coal,2248.5830399999995
G109042,37,Coal,2248.5830399999995
G109042,38,Coal,2248.5830399999995
G109042,39,Coal,2248.5830399999995
G109042,40,Coal,2248.5830399999995
G109042,41,Coal,2248.5830399999995
G109042,42,Coal,2248.5830399999995
G109042,43,Coal,2248.5830399999995
G109042,44,Coal,2248.5830399999995
G109042,45,Coal,2248.5830399999995
G109042,46,Coal,2248.5830399999995
G109042,47,Coal,2248.5830399999995
G109042,48,Coal,2248.5830399999995
G109042,49,Coal,2248.5830399999995
G109042,50,Coal,2248.5830399999995
G109042,51,Coal,2248.5830399999995
G109042,52,Coal,2248.5830399999995
G109042,53,Coal,2248.5830399999995
G109042,54,Coal,2248.5830399999995
G109042,55,Coal,2248.5830399999995
G109042,56,Coal,2248.5830399999995
G109042,57,Coal,2248.5830399999995
G109042,58,Coal,2248.5830399999995
G109042,59,Coal,2248.5830399999995
G109042,60,Coal,2248.5830399999995
G109042,61,Coal,2248.5830399999995
G109042,62,Coal,2248.5830399999995
G109042,63,Coal,2248.5830399999995
G109042,64,Coal,2248.5830399999995
G109042,65,Coal,2248.5830399999995
G109042,66,Coal,2248.5830399999995
G109042,67,Coal,2248.5830399999995
G109042,68,Coal,2248.5830399999995
G109042,69,Coal,2248.5830399999995
G109042,70,Coal,2248.5830399999995
G109042,71,Coal,2248.5830399999995
G109042,72,Coal,2248.5830399999995
G109042,73,Coal,2248.5830399999995
G109042,74,Coal,2248.5830399999995
G109042,75,Coal,2248.5830399999995
G109042,76,Coal,2248.5830399999995
G109042,77,Coal,2248.5830399999995
G109042,78,Coal,2248.5830399999995
G109042,79,Coal,2248.5830399999995
G109042,80,Coal,2248.5830399999995
G109042,81,Coal,2248.5830399999995
G109042,82,Coal,2248.5830399999995
G109042,83,Coal,2248.5830399999995
G109042,84,Coal,2248.5830399999995
G109042,85,Coal,2248.5830399999995
G109042,86,Coal,2248.5830399999995
G109042,87,Coal,2248.5830399999995
G109042,88,Coal,2248.5830399999995
G109042,89,Coal,2248.5830399999995
G109042,90,Coal,2248.5830399999995
G109042,91,Coal,2248.5830399999995
G109042,92,Coal,2248.5830399999995
G109042,93,Coal,2248.5830399999995
G109042,94,Coal,2248.5830399999995
G109042,95,Coal,2248.5830399999995
G109042,96,Coal,2248.5830399999995
G111092,25,Coal,0.0
G111092,26,Coal,0.0
G111092,27,Coal,0.0
G111092,28,Coal,0.0
G111092,29,Coal,0.0
G111092,30,Coal,0.0
G111092,31,Coal,0.0
G111092,32,Coal,0.0
G111092,33,Coal,0.0
G111092,34,Coal,0.0
G111092,35,Coal,0.0
G111092,36,Coal,0.0
G111092,37,Coal,0.0
G111092,38,Coal,0.0
G111092,39,Coal,0.0
G111092,40,Coal,0.0
G111092,41,Coal,0.0
G111092,42,Coal,0.0
G111092,43,Coal,0.0
G111092,44,Coal,0.0
G111092,45,Coal,0.0
G111092,46,Coal,0.0
G111092,47,Coal,0.0
G111092,48,Coal,0.0
G111092,49,Coal,0.0
G111092,50,Coal,0.0
G111092,51,Coal,0.0
G111092,52,Coal,0.0
G111092,53,Coal,0.0
G111092,54,Coal,0.0
G111092,55,Coal,0.0
G111092,56,Coal,0.0
G111092,57,Coal,0.0
G111092,58,Coal,0.0
G111092,59,Coal,0.0
G111092,60,Coal,0.0
G111092,61,Coal,0.0
G111092,62,Coal,0.0
G111092,63,Coal,0.0
G111092,64,Coal,0.0
G111092,65,Coal,0.0
G111092,66,Coal,0.0
G111092,67,Coal,0.0
G111092,68,Coal,0.0
G111092,69,Coal,0.0
G111092,70,Coal,0.0
G111092,71,Coal,0.0
G111092,72,Coal,0.0
G111092,73,Coal,1595.813731620685
G111092,74,Coal,1595.813731620685
G111092,75,Coal,1595.813731620685
G111092,76,Coal,1595.813731620685
G111092,77,Coal,1595.813731620685
G111092,78,Coal,1595.813731620685
G111092,79,Coal,1595.813731620685
G111092,80,Coal,1595.813731620685
G111092,81,Coal,1595.813731620685
G111092,82,Coal,1595.813731620685
G111092,83,Coal,1595.813731620685
G111092,84,Coal,1595.813731620685
G111092,85,Coal,1595.813731620685
G111092,86,Coal,1595.813731620685
G111092,87,Coal,1595.813731620685
G111092,88,Coal,1595.813731620685
G111092,89,Coal,1595.813731620685
G111092,90,Coal,1595.813731620685
G111092,91,Coal,1595.813731620685
G111092,92,Coal,1595.813731620685
G111092,93,Coal,1595.813731620685
G111092,94,Coal,1595.813731620685
G111092,95,Coal,1595.8137316206848
G111092,96,Coal,1595.813731620705
G111093,25,Coal,0.0
G111093,26,Coal,0.0
G111093,27,Coal,0.0
G111093,28,Coal,0.0
G111093,29,Coal,0.0
G111093,30,Coal,0.0
G111093,31,Coal,0.0
G111093,32,Coal,0.0
G111093,33,Coal,0.0
G111093,34,Coal,0.0
G111093,35,Coal,0.0
G111093,36,Coal,0.0
G111093,37,Coal,0.0
G111093,38,Coal,0.0
G111093,39,Coal,0.0
G111093,40,Coal,0.0
G111093,41,Coal,0.0
G111093,42,Coal,0.0
G111093,43,Coal,0.0
G111093,44,Coal,0.0
G111093,45,Coal,0.0
G111093,46,Coal,0.0
G111093,47,Coal,0.0
G111093,48,Coal,0.0
G111093,49,Coal,0.0
G111093,50,Coal,0.0
G111093,51,Coal,0.0
G111093,52,Coal,0.0
G111093,53,Coal,0.0
G111093,54,Coal,0.0
G111093,55,Coal,0.0
G111093,56,Coal,0.0
G111093,57,Coal,0.0
G111093,58,Coal,0.0
G111093,59,Coal,0.0
G111093,60,Coal,0.0
G111093,61,Coal,0.0
G111093,62,Coal,0.0
G111093,63,Coal,0.0
G111093,64,Coal,0.0
G111093,65,Coal,0.0
G111093,66,Coal,0.0
G111093,67,Coal,0.0
G111093,68,Coal,0.0
G111093,69,Coal,0.0
G111093,70,Coal,0.0
G111093,71,Coal,0.0
G111093,72,Coal,0.0
G111093,73,Coal,0.0
G111093,74,Coal,0.0
G111093,75,Coal,0.0
G111093,76,Coal,0.0
G111093,77,Coal,0.0
G111093,78,Coal,0.0
G111093,79,Coal,0.0
G111093,80,Coal,0.0
G111093,81,Coal,0.0
G111093,82,Coal,0.0
G111093,83,Coal,0.0
G111093,84,Coal,0.0
G111093,85,Coal,0.0
G111093,86,Coal,0.0
G111093,87,Coal,0.0
G111093,88,Coal,0.0
G111093,89,Coal,0.0
G111093,90,Coal,0.0
G111093,91,Coal,0.0
G111093,92,Coal,0.0
G111093,93,Coal,0.0
G111093,94,Coal,0.0
G111093,95,Coal,0.0
G111093,96,Coal,0.0
G112778,1,Coal,0.0
G112778,2,Coal,0.0
G112778,3,Coal,0.0
G112778,4,Coal,0.0
G112778,5,Coal,0.0
G112778,6,Coal,0.0
G112778,7,Coal,0.0
G112778,8,Coal,0.0
G112778,9,Coal,0.0
G112778,10,Coal,0.0
G112778,11,Coal,0.0
G112778,12,Coal,0.0
G112778,13,Coal,0.0
G112778,14,Coal,0.0
G112778,15,Coal,0.0
G112778,16,Coal,0.0
G112778,17,Coal,0.0
G112778,18,Coal,0.0
G112778,19,Coal,0.0
G112778,20,Coal,0.0
G112778,21,Coal,0.0
G112778,22,Coal,0.0
G112778,23,Coal,0.0
G112778,24,Coal,0.0
G112778,25,Coal,0.0
G112778,26,Coal,0.0
G112778,27,Coal,0.0
G112778,28,Coal,0.0
G112778,29,Coal,0.0
G112778,30,Coal,0.0
G112778,31,Coal,0.0
G112778,32,Coal,0.0
G112778,33,Coal,0.0
G112778,34,Coal,0.0
G112778,35,Coal,0.0
G112778,36,Coal,0.0
G112778,37,Coal,0.0
G112778,38,Coal,0.0
G112778,39,Coal,0.0
G112778,40,Coal,0.0
G112778,41,Coal,0.0
G112778,42,Coal,0.0
G112778,43,Coal,0.0
G112778,44,Coal,0.0
G112778,45,Coal,0.0
G112778,46,Coal,0.0
G112778,47,Coal,0.0
G112778,48,Coal,0.0
G112778,49,Coal,0.0
G112778,50,Coal,0.0
G112778,51,Coal,0.0
G112778,52,Coal,0.0
G112778,53,Coal,0.0
G112778,54,Coal,0.0
G112778,55,Coal,0.0
G112778,56,Coal,0.0
G112778,57,Coal,0.0
G112778,58,Coal,0.0
G112778,59,Coal,0.0
G112778,60,Coal,0.0
G112778,61,Coal,0.0
G112778,62,Coal,0.0
G112778,63,Coal,0.0
G112778,64,Coal,0.0
G112778,65,Coal,0.0
G112778,66,Coal,0.0
G112778,67,Coal,0.0
G112778,68,Coal,0.0
G112778,69,Coal,0.0
G112778,70,Coal,0.0
G112778,71,Coal,0.0
G112778,72,Coal,0.0
G112778,73,Coal,0.0
G112778,74,Coal,0.0
G112778,75,Coal,0.0
G112778,76,Coal,0.0
G112778,77,Coal,0.0
G112778,78,Coal,0.0
G112778,79,Coal,0.0
G112778,80,Coal,0.0
G112778,81,Coal,0.0
G112778,82,Coal,0.0
G112778,83,Coal,0.0
G112778,84,Coal,0.0
G112778,85,Coal,0.0
G112778,86,Coal,0.0
G112778,87,Coal,0.0
G112778,88,Coal,0.0
G112778,89,Coal,0.0
G112778,90,Coal,0.0
G112778,91,Coal,0.0
G112778,92,Coal,0.0
G112778,93,Coal,0.0
G112778,94,Coal,0.0
G112778,95,Coal,0.0
G112778,96,Coal,0.0
G112779,1,Coal,0.0
G112779,2,Coal,0.0
G112779,3,Coal,0.0
G112779,4,Coal,0.0
G112779,5,Coal,0.0
G112779,6,Coal,0.0
G112779,7,Coal,0.0
G112779,8,Coal,0.0
G112779,9,Coal,0.0
G112779,10,Coal,0.0
G112779,11,Coal,0.0
G112779,12,Coal,0.0
G112779,13,Coal,0.0
G112779,14,Coal,0.0
G112779,15,Coal,0.0
G112779,16,Coal,0.0
G112779,17,Coal,0.0
G112779,18,Coal,0.0
G112779,19,Coal,0.0
G112779,20,Coal,0.0
G112779,21,Coal,0.0
G112779,22,Coal,0.0
G112779,23,Coal,0.0
G112779,24,Coal,0.0
G112779,25,Coal,0.0
G112779,26,Coal,0.0
G112779,27,Coal,0.0
G112779,28,Coal,0.0
G112779,29,Coal,0.0
G112779,30,Coal,0.0
G112779,31,Coal,0.0
G112779,32,Coal,0.0
G112779,33,Coal,0.0
G112779,34,Coal,0.0
G112779,35,Coal,0.0
G112779,36,Coal,0.0
G112779,37,Coal,0.0
G112779,38,Coal,0.0
G112779,39,Coal,0.0
G112779,40,Coal,0.0
G112779,41,Coal,0.0
G112779,42,Coal,0.0
G112779,43,Coal,0.0
G112779,44,Coal,0.0
G112779,45,Coal,0.0
G112779,46,Coal,0.0
G112779,47,Coal,0.0
G112779,48,Coal,0.0
G112779,49,Coal,0.0
G112779,50,Coal,0.0
G112779,51,Coal,0.0
G112779,52,Coal,0.0
G112779,53,Coal,0.0
G112779,54,Coal,0.0
G112779,55,Coal,0.0
G112779,56,Coal,0.0
G112779,57,Coal,0.0
G112779,58,Coal,0.0
G112779,59,Coal,0.0
G112779,60,Coal,0.0
G112779,61,Coal,0.0
G112779,62,Coal,0.0
G112779,63,Coal,0.0
G112779,64,Coal,0.0
G112779,65,Coal,0.0
G112779,66,Coal,0.0
G112779,67,Coal,0.0
G112779,68,Coal,0.0
G112779,69,Coal,0.0
G112779,70,Coal,0.0
G112779,71,Coal,0.0
G112779,72,Coal,0.0
G112779,73,Coal,0.0
G112779,74,Coal,0.0
G112779,75,Coal,0.0
G112779,76,Coal,0.0
G112779,77,Coal,0.0
G112779,78,Coal,0.0
G112779,79,Coal,0.0
G112779,80,Coal,0.0
G112779,81,Coal,0.0
G112779,82,Coal,0.0
G112779,83,Coal,0.0
G112779,84,Coal,0.0
G112779,85,Coal,0.0
G112779,86,Coal,0.0
G112779,87,Coal,0.0
G112779,88,Coal,0.0
G112779,89,Coal,0.0
G112779,90,Coal,0.0
G112779,91,Coal,0.0
G112779,92,Coal,0.0
G112779,93,Coal,0.0
G112779,94,Coal,0.0
G112779,95,Coal,0.0
G112779,96,Coal,0.0
G114088,1,Coal,0.0
G114088,2,Coal,0.0
G114088,3,Coal,0.0
G114088,4,Coal,0.0
G114088,5,Coal,0.0
G114088,6,Coal,0.0
G114088,7,Coal,0.0
G114088,8,Coal,0.0
G114088,9,Coal,0.0
G114088,10,Coal,0.0
G114088,11,Coal,0.0
G114088,12,Coal,0.0
G114088,13,Coal,0.0
G114088,14,Coal,0.0
G114088,15,Coal,0.0
G114088,16,Coal,0.0
G114088,17,Coal,0.0
G114088,18,Coal,0.0
G114088,19,Coal,0.0
G114088,20,Coal,0.0
G114088,21,Coal,0.0
G114088,22,Coal,0.0
G114088,23,Coal,0.0
G114088,24,Coal,0.0
G114088,25,Coal,0.0
G114088,26,Coal,0.0
G114088,27,Coal,0.0
G114088,28,Coal,0.0
G114088,29,Coal,0.0
G114088,30,Coal,0.0
G114088,31,Coal,0.0
G114088,32,Coal,0.0
G114088,33,Coal,0.0
G114088,34,Coal,0.0
G114088,35,Coal,0.0
G114088,36,Coal,0.0
G114088,37,Coal,0.0
G114088,38,Coal,0.0
G114088,39,Coal,0.0
G114088,40,Coal,0.0
G114088,41,Coal,0.0
G114088,42,Coal,0.0
G114088,43,Coal,0.0
G114088,44,Coal,0.0
G114088,45,Coal,0.0
G114088,46,Coal,0.0
G114088,47,Coal,0.0
G114088,48,Coal,0.0
G114088,49,Coal,0.0
G114088,50,Coal,0.0
G114088,51,Coal,0.0
G114088,52,Coal,0.0
G114088,53,Coal,0.0
G114088,54,Coal,0.0
G114088,55,Coal,0.0
G114088,56,Coal,0.0
G114088,57,Coal,0.0
G114088,58,Coal,0.0
G114088,59,Coal,0.0
G114088,60,Coal,0.0
G114088,61,Coal,0.0
G114088,62,Coal,0.0
G114088,63,Coal,0.0
G114088,64,Coal,0.0
G114088,65,Coal,0.0
G114088,66,Coal,0.0
G114088,67,Coal,0.0
G114088,68,Coal,0.0
G114088,69,Coal,0.0
G114088,70,Coal,0.0
G114088,71,Coal,0.0
G114088,72,Coal,0.0
G114088,73,Coal,0.0
G114088,74,Coal,0.0
G114088,75,Coal,0.0
G114088,76,Coal,0.0
G114088,77,Coal,0.0
G114088,78,Coal,0.0
G114088,79,Coal,0.0
G114088,80,Coal,0.0
G114088,81,Coal,0.0
G114088,82,Coal,0.0
G114088,83,Coal,0.0
G114088,84,Coal,0.0
G114088,85,Coal,0.0
G114088,86,Coal,0.0
G114088,87,Coal,0.0
G114088,88,Coal,0.0
G114088,89,Coal,0.0
G114088,90,Coal,0.0
G114088,91,Coal,0.0
G114088,92,Coal,0.0
G114088,93,Coal,0.0
G114088,94,Coal,0.0
G114088,95,Coal,0.0
G114088,96,Coal,0.0
G114089,1,Coal,0.0
G114089,2,Coal,0.0
G114089,3,Coal,0.0
G114089,4,Coal,0.0
G114089,5,Coal,0.0
G114089,6,Coal,0.0
G114089,7,Coal,0.0
G114089,8,Coal,0.0
G114089,9,Coal,0.0
G114089,10,Coal,0.0
G114089,11,Coal,0.0
G114089,12,Coal,0.0
G114089,13,Coal,0.0
G114089,14,Coal,0.0
G114089,15,Coal,0.0
G114089,16,Coal,0.0
G114089,17,Coal,0.0
G114089,18,Coal,0.0
G114089,19,Coal,0.0
G114089,20,Coal,0.0
G114089,21,Coal,0.0
G114089,22,Coal,0.0
G114089,23,Coal,0.0
G114089,24,Coal,0.0
G114089,25,Coal,0.0
G114089,26,Coal,0.0
G114089,27,Coal,0.0
G114089,28,Coal,0.0
G114089,29,Coal,0.0
G114089,30,Coal,0.0
G114089,31,Coal,0.0
G114089,32,Coal,0.0
G114089,33,Coal,0.0
G114089,34,Coal,0.0
G114089,35,Coal,0.0
G114089,36,Coal,0.0
G114089,37,Coal,0.0
G114089,38,Coal,0.0
G114089,39,Coal,0.0
G114089,40,Coal,0.0
G114089,41,Coal,0.0
G114089,42,Coal,0.0
G114089,43,Coal,0.0
G114089,44,Coal,0.0
G114089,45,Coal,0.0
G114089,46,Coal,0.0
G114089,47,Coal,0.0
G114089,48,Coal,0.0
G114089,49,Coal,0.0
G114089,50,Coal,0.0
G114089,51,Coal,0.0
G114089,52,Coal,0.0
G114089,53,Coal,0.0
G114089,54,Coal,0.0
G114089,55,Coal,0.0
G114089,56,Coal,0.0
G114089,57,Coal,0.0
G114089,58,Coal,0.0
G114089,59,Coal,0.0
G114089,60,Coal,0.0
G114089,61,Coal,0.0
G114089,62,Coal,0.0
G114089,63,Coal,0.0
G114089,64,Coal,0.0
G114089,65,Coal,0.0
G114089,66,Coal,0.0
G114089,67,Coal,0.0
G114089,68,Coal,0.0
G114089,69,Coal,0.0
G114089,70,Coal,0.0
G114089,71,Coal,0.0
G114089,72,Coal,0.0
G114089,73,Coal,0.0
G114089,74,Coal,0.0
G114089,75,Coal,0.0
G114089,76,Coal,0.0
G114089,77,Coal,0.0
G114089,78,Coal,0.0
G114089,79,Coal,0.0
G114089,80,Coal,0.0
G114089,81,Coal,0.0
G114089,82,Coal,0.0
G114089,83,Coal,0.0
G114089,84,Coal,0.0
G114089,85,Coal,0.0
G114089,86,Coal,0.0
G114089,87,Coal,0.0
G114089,88,Coal,0.0
G114089,89,Coal,0.0
G114089,90,Coal,0.0
G114089,91,Coal,0.0
G114089,92,Coal,0.0
G114089,93,Coal,0.0
G114089,94,Coal,0.0
G114089,95,Coal,0.0
G114089,96,Coal,0.0
G114090,1,Coal,0.0
G114090,2,Coal,0.0
G114090,3,Coal,0.0
G114090,4,Coal,0.0
G114090,5,Coal,0.0
G114090,6,Coal,0.0
G114090,7,Coal,0.0
G114090,8,Coal,0.0
G114090,9,Coal,0.0
G114090,10,Coal,0.0
G114090,11,Coal,0.0
G114090,12,Coal,0.0
G114090,13,Coal,0.0
G114090,14,Coal,0.0
G114090,15,Coal,0.0
G114090,16,Coal,0.0
G114090,17,Coal,0.0
G114090,18,Coal,0.0
G114090,19,Coal,0.0
G114090,20,Coal,0.0
G114090,21,Coal,0.0
G114090,22,Coal,0.0
G114090,23,Coal,0.0
G114090,24,Coal,0.0
G114090,25,Coal,0.0
G114090,26,Coal,0.0
G114090,27,Coal,0.0
G114090,28,Coal,0.0
G114090,29,Coal,0.0
G114090,30,Coal,0.0
G114090,31,Coal,0.0
G114090,32,Coal,0.0
G114090,33,Coal,0.0
G114090,34,Coal,0.0
G114090,35,Coal,0.0
G114090,36,Coal,0.0
G114090,37,Coal,0.0
G114090,38,Coal,0.0
G114090,39,Coal,0.0
G114090,40,Coal,0.0
G114090,41,Coal,0.0
G114090,42,Coal,0.0
G114090,43,Coal,0.0
G114090,44,Coal,0.0
G114090,45,Coal,0.0
G114090,46,Coal,0.0
G114090,47,Coal,0.0
G114090,48,Coal,0.0
G114090,49,Coal,0.0
G114090,50,Coal,0.0
G114090,51,Coal,0.0
G114090,52,Coal,0.0
G114090,53,Coal,0.0
G114090,54,Coal,0.0
G114090,55,Coal,0.0
G114090,56,Coal,0.0
G114090,57,Coal,0.0
G114090,58,Coal,0.0
G114090,59,Coal,0.0
G114090,60,Coal,0.0
G114090,61,Coal,0.0
G114090,62,Coal,0.0
G114090,63,Coal,0.0
G114090,64,Coal,0.0
G114090,65,Coal,0.0
G114090,66,Coal,0.0
G114090,67,Coal,0.0
G114090,68,Coal,0.0
G114090,69,Coal,0.0
G114090,70,Coal,0.0
G114090,71,Coal,0.0
G114090,72,Coal,0.0
G114090,73,Coal,0.0
G114090,74,Coal,0.0
G114090,75,Coal,0.0
G114090,76,Coal,0.0
G114090,77,Coal,0.0
G114090,78,Coal,0.0
G114090,79,Coal,0.0
G114090,80,Coal,0.0
G114090,81,Coal,0.0
G114090,82,Coal,0.0
G114090,83,Coal,0.0
G114090,84,Coal,0.0
G114090,85,Coal,0.0
G114090,86,Coal,0.0
G114090,87,Coal,0.0
G114090,88,Coal,0.0
G114090,89,Coal,0.0
G114090,90,Coal,0.0
G114090,91,Coal,0.0
G114090,92,Coal,0.0
G114090,93,Coal,0.0
G114090,94,Coal,0.0
G114090,95,Coal,0.0
G114090,96,Coal,0.0
outside_coal,1,Coal,0.0
outside_coal,2,Coal,0.0
outside_coal,3,Coal,0.0
outside_coal,4,Coal,0.0
outside_coal,5,Coal,0.0
outside_coal,6,Coal,0.0
outside_coal,7,Coal,0.0
outside_coal,8,Coal,0.0
outside_coal,9,Coal,0.0
outside_coal,10,Coal,0.0
outside_coal,11,Coal,0.0
outside_coal,12,Coal,0.0
outside_coal,13,Coal,0.0
outside_coal,14,Coal,0.0
outside_coal,15,Coal,0.0
outside_coal,16,Coal,0.0
outside_coal,17,Coal,0.0
outside_coal,18,Coal,0.0
outside_coal,19,Coal,0.0
outside_coal,20,Coal,0.0
outside_coal,21,Coal,0.0
outside_coal,22,Coal,0.0
outside_coal,23,Coal,0.0
outside_coal,24,Coal,0.0
outside_coal,25,Coal,0.0
outside_coal,26,Coal,0.0
outside_coal,27,Coal,0.0
outside_coal,28,Coal,0.0
outside_coal,29,Coal,0.0
outside_coal,30,Coal,0.0
outside_coal,31,Coal,0.0
outside_coal,32,Coal,0.0
outside_coal,33,Coal,0.0
outside_coal,34,Coal,0.0
outside_coal,35,Coal,0.0
outside_coal,36,Coal,0.0
outside_coal,37,Coal,0.0
outside_coal,38,Coal,0.0
outside_coal,39,Coal,0.0
outside_coal,40,Coal,0.0
outside_coal,41,Coal,0.0
outside_coal,42,Coal,0.0
outside_coal,43,Coal,0.0
outside_coal,44,Coal,0.0
outside_coal,45,Coal,0.0
outside_coal,46,Coal,0.0
outside_coal,47,Coal,0.0
outside_coal,48,Coal,0.0
outside_coal,49,Coal,0.0
outside_coal,50,Coal,0.0
outside_coal,51,Coal,0.0
outside_coal,52,Coal,0.0
outside_coal,53,Coal,0.0
outside_coal,54,Coal,0.0
outside_coal,55,Coal,0.0
outside_coal,56,Coal,0.0
outside_coal,57,Coal,0.0
outside_coal,58,Coal,0.0
outside_coal,59,Coal,0.0
outside_coal,60,Coal,0.0
outside_coal,61,Coal,0.0
outside_coal,62,Coal,0.0
outside_coal,63,Coal,0.0
outside_coal,64,Coal,0.0
outside_coal,65,Coal,0.0
outside_coal,66,Coal,0.0
outside_coal,67,Coal,0.0
outside_coal,68,Coal,0.0
outside_coal,69,Coal,0.0
outside_coal,70,Coal,0.0
outside_coal,71,Coal,0.0
outside_coal,72,Coal,0.0
outside_coal,73,Coal,0.0
outside_coal,74,Coal,0.0
outside_coal,75,Coal,0.0
outside_coal,76,Coal,0.0
outside_coal,77,Coal,0.0
outside_coal,78,Coal,0.0
outside_coal,79,Coal,0.0
outside_coal,80,Coal,0.0
outside_coal,81,Coal,0.0
outside_coal,82,Coal,0.0
outside_coal,83,Coal,0.0
outside_coal,84,Coal,0.0
outside_coal,85,Coal,0.0
outside_coal,86,Coal,0.0
outside_coal,87,Coal,0.0
outside_coal,88,Coal,0.0
outside_coal,89,Coal,0.0
outside_coal,90,Coal,0.0
outside_coal,91,Coal,0.0
outside_coal,92,Coal,0.0
outside_coal,93,Coal,0.0
outside_coal,94,Coal,0.0
outside_coal,95,Coal,0.0
outside_coal,96,Coal,0.0
