{
    "options": {
        "retire_time": "late",
        "skip_generic_output": false,
        "save_expressions": [],
        "log_run_to_file": false,
        "logs_dir": "logs",
        "log_level": "info",
        "debug": false,
        "full_traceback": false,
        "module_list": null,
        "include_exclude_modules": [],
        "inputs_dir": "inputs",
        "iterate_list": null,
        "max_iter": null,
        "scenario_name": "",
        "sorted_output": true,
        "suffixes": [],
        "solver": "gurobi",
        "solver_manager": "serial",
        "solver_io": null,
        "solver_options_string": "",
        "keepfiles": null,
        "tee": true,
        "symbolic_solver_labels": null,
        "tempdir": null,
        "retrieve_cplex_mip_duals": false,
        "input_aliases": [],
        "outputs_dir": "outputs",
        "no_post_solve": false,
        "no_load_solution": false,
        "reload_prior_solution": false,
        "no_save_solution": false,
        "save_solution_file": false,
        "interact": false,
        "interact_color": "NoColor",
        "verbose": true
    },
    "modules": [
        "switch_model",
        "switch_model.timescales",
        "switch_model.financials",
        "switch_model.balancing.load_zones",
        "switch_model.energy_sources.properties",
        "switch_model.generators.core.build",
        "switch_model.generators.core.dispatch",
        "switch_model.reporting",
        "switch_model.transmission.local_td",
        "switch_model.generators.core.no_commit",
        "switch_model.energy_sources.fuel_costs.simple",
        "switch_model.transmission.transport.build",
        "switch_model.transmission.transport.dispatch",
        "switch_model.solve"
    ],
    "iterate_modules": []
}