period,timepoint_label,G106344,G106345,G106346,G106347,G106348,G106349,G106470,G106471,G109041,G109042,G111092,G111093,G112778,G112779,G114088,G114089,G114090,outside_coal,s1,s10,s11,s2,s3,s4,s5,s6,s7,s8,s9,w1,w10,w11,w2,w3,w4,w5,w6,w7,w8,w9
2020,20200100,80.96,80.96,485.76,485.76,242.88,242.88,283.36,283.36,242.88,242.88,0.0,0.0,0.0,0.0,109.29599999999999,87.76668125159235,0.0,0.0,0.0,0.0,0.0,0.0,0.0,0.0,0.0,0.0,0.0,0.0,0.0,38.35412660027965,3.948868055145652,0.0,1.4901097277276427,0.0,0.0,0.0,0.0,0.0,0.0,0.0
2020,20200101,80.96,80.96,485.76,485.76,242.88,242.88,283.36,283.36,242.88,242.88,0.0,0.0,0.0,0.0,109.29599999999999,87.76668125159235,0.0,0.0,0.0,0.0,0.0,0.0,0.0,0.0,0.0,0.0,0.0,0.0,0.0,37.95851203645192,3.8143380083148286,1.9217512828188987,1.4145446309209815,0.0,3.482780409503157,0.0,0.0,10.130823269226852,13.530716840373538,20.01457139138413
2020,20200102,80.96,80.96,485.76,485.76,242.88,242.88,283.36,283.36,242.88,242.88,0.0,0.0,0.0,0.0,109.29599999999999,87.76668125159235,0.0,0.0,0.0,0.0,0.0,0.0,0.0,0.0,0.0,0.0,0.0,0.0,0.0,36.38249080005643,0.0,1.8868314453336679,1.317202212746712,53.44483645798411,3.246260084785035,0.0,13.972614398060928,9.694806492085204,13.41780429500928,19.5392780159636
2020,20200103,80.96,80.96,485.76,485.76,242.88,242.88,283.36,283.36,242.88,242.88,0.0,0.0,0.0,0.0,109.29599999999999,87.76668125159235,0.0,0.0,0.0,0.0,0.0,0.0,0.0,0.0,0.0,0.0,0.0,0.0,0.0,34.806469563660954,0.0,1.8519116078484372,1.2198597703581995,51.45332598388361,3.009739704564407,34.10851052201568,13.498264604881516,9.258789714943557,0.0,0.0
2020,20200104,80.96,80.96,485.76,485.76,242.88,242.88,283.36,283.36,242.88,242.88,0.0,0.0,0.0,0.0,109.29599999999999,87.76668125159235,0.0,0.0,0.0,0.0,0.0,0.0,0.0,0.0,0.0,0.0,0.0,0.0,0.0,33.23044850740256,3.5258836467678716,1.8169917703632066,1.1225173279696872,49.4618155097831,2.7732193243437786,32.67358277950098,13.023914811702102,8.82277293780191,13.191979533235937,18.588691265122538
2020,20200105,80.96,80.96,485.76,485.76,242.88,242.88,283.36,283.36,242.88,242.88,0.0,0.0,0.0,0.0,109.29599999999999,87.76668125159235,0.0,0.0,3.1972250782687275,0.0,0.0020134933314264456,0.0,6.129434265930173,1.1018978338953356,3.5335115956662304,0.0018705604699258496,0.8431270162607954,0.0,0.35279683231413606,32.15217596436621,3.4569429012988144,1.7465518334100578,0.0,0.0,0.0,32.01723900999491,12.763033411300485,8.689076174002333,0.0,0.0
2020,20200106,80.96,80.96,485.76,485.76,242.88,242.88,283.36,283.36,242.88,242.88,0.0,0.0,0.0,0.0,109.29599999999999,87.76668125159235,0.0,0.0,6.394450156537455,2.9926903715268622,0.004026986662852891,0.0037943611122945343,12.258868531860346,0.0,7.067023191332461,0.003741120939851699,1.6862540785285292,3.559154250688564,0.7055936646282721,0.0,0.0,1.6761119129204851,1.1004852485540129,0.0,2.7009565036614145,31.360895240488844,0.0,8.555379321505075,14.14221998927409,17.592731690674164
2020,20200107,80.96,80.96,485.76,485.76,242.88,242.88,283.36,283.36,242.88,242.88,0.0,0.0,0.0,0.0,109.29599999999999,87.76668125159235,0.0,0.0,9.591675234806184,4.489035557290294,0.0,0.0,0.0,3.3056934385123005,10.60053478699869,0.005611681409777548,2.5293810947893247,5.338731421353113,1.0583904969424083,0.0,0.0,1.6056719924309122,0.0,43.338016925356875,2.664825093320232,0.0,12.241270698843424,8.42168246900782,14.617340135054375,17.094751826718817
2020,20200108,80.96,80.96,485.76,485.76,242.88,242.88,283.36,283.36,242.88,242.88,0.0,0.0,0.0,0.0,109.29599999999999,87.76668125159235,0.0,0.0,31.483658892706465,14.3948685944822,0.0,0.018212414447331193,0.0,0.0,8.173517995998509,0.0181940236445074,7.889821130502516,0.0,3.39391210666444,34.88135741732017,4.13732564834522,1.9119167162762682,0.0,51.855764215456176,3.7430197859699534,0.0,0.0,0.0,0.0,0.0
2020,20200109,80.96,80.96,485.76,485.76,242.88,242.88,283.36,283.36,242.88,242.88,0.0,0.0,0.0,0.0,109.29599999999999,87.76668125159235,0.0,0.0,53.349158425842575,24.288377071240003,0.031745320139304575,0.0,97.37576272330305,17.841002651787104,0.0,0.030760898984263756,0.0,0.0,5.726527925715854,0.0,0.0,0.0,0.0,60.611466174962636,0.0,45.50421117939415,19.566552680198132,0.0,0.0,24.346607564464993
2020,202001010,80.96,80.96,485.76,485.76,242.88,242.88,283.36,283.36,242.88,242.88,0.0,0.0,0.0,0.0,109.29599999999999,87.76668125159235,0.0,0.0,75.04848204039385,34.10568756648374,0.044491207294380594,0.0,136.54338488099165,0.0,75.96712054903315,0.0,0.0,0.0,0.0,0.0,0.0,2.519310390835947,0.0,0.0,5.950898846752184,0.0,0.0,15.280796523024677,10.760410770379963,27.90650374212638
2020,202001011,80.96,80.96,485.76,485.76,242.88,242.88,283.36,283.36,242.88,242.88,0.0,0.0,0.0,0.0,109.29599999999999,87.76668125159235,0.0,0.0,89.13634241748926,40.28852572230458,0.0,0.0510198918822898,86.68926074796013,0.0,89.28918377663105,0.050995765292692695,0.0,44.07563238196978,0.0,0.0,0.0,2.6497539544950826,0.0,0.0,0.0,0.0,0.0,0.0,0.0,29.631187746842674
2020,202001012,80.96,80.96,485.76,485.76,242.88,242.88,283.36,283.36,242.88,242.88,0.0,0.0,0.0,0.0,109.29599999999999,87.76668125159235,0.0,0.0,103.2242027945847,0.0,0.059713803472816844,0.0,186.36334860524616,34.21505106886844,102.61124719237674,0.05875655577730325,24.989754957109927,0.0,10.956663025019559,0.0,0.0,2.7801975181542176,2.9086820347179194,0.0,6.962836478464034,59.90072970288902,25.68142251396313,0.0,26.282769660883233,31.35587175155897
2020,202001013,80.96,80.96,485.76,485.76,242.88,242.88,283.36,283.36,242.88,242.88,0.0,0.0,0.0,0.0,109.29599999999999,87.76668125159235,0.0,0.0,117.3120631716801,0.0,0.0,0.0,0.0,0.0,0.0,0.06651734626191379,0.0,0.0,12.414405373934242,0.0,6.901333898296501,2.910641081813353,3.121153128299823,0.0,7.468805322071211,63.409008847114535,0.0,18.530220357252386,27.107284438834586,33.08055575627527
2020,202001014,80.96,80.96,485.76,485.76,242.88,242.88,283.36,283.36,242.88,242.88,0.0,0.0,0.0,0.0,109.29599999999999,87.76668125159235,0.0,0.0,105.69202166649974,0.0,0.05989087048975375,0.0,0.0,0.0,0.0,0.0,25.183460637926945,0.0,0.0,0.0,6.521647782576733,2.7530504312653243,0.0,0.0,6.837223815786208,0.0,0.0,0.0,0.0,31.509997030866337
2020,202001015,80.96,80.96,485.76,485.76,242.88,242.88,283.36,283.36,242.88,242.88,0.0,0.0,0.0,0.0,109.29599999999999,87.76668125159235,0.0,0.0,94.07198035221383,0.0,0.0,0.0,168.20342001253604,7.988012056447133,91.66247645707156,0.0,0.0,44.16424238790903,0.0,0.0,0.0,0.0,0.0,71.47463701408563,0.0,0.0,0.0,0.0,0.0,0.0
2020,202001016,80.96,80.96,485.76,485.76,242.88,242.88,283.36,283.36,242.88,242.88,0.0,0.0,0.0,0.0,109.29599999999999,87.76668125159235,0.0,0.0,82.45193903792791,35.7158484263663,0.0,0.0,146.6684651270794,0.0,79.52705938154614,0.0,0.0,37.85221126795204,8.420809789156465,0.0,0.0,2.4378691301692657,2.3202761051773204,65.55826532068086,0.0,0.0,0.0,14.50722670761342,0.0,0.0
2020,202001017,80.96,80.96,485.76,485.76,242.88,242.88,283.36,283.36,242.88,242.88,0.0,0.0,0.0,0.0,109.29599999999999,87.76668125159235,0.0,0.0,60.12644971361422,25.91487782812643,0.0,0.034114899350809386,107.0424620325504,19.81420930065338,0.0,0.03318365145466091,0.0,0.0,0.0,0.0,5.230335708814812,2.30507716909558,2.0573503508863635,60.83508484605793,0.0,0.0,0.0,0.0,0.0,26.14612777746629
2020,202001018,80.96,80.96,485.76,485.76,242.88,242.88,283.36,283.36,242.88,242.88,0.0,0.0,0.0,0.0,109.29599999999999,87.76668125159235,0.0,0.0,37.800960389300535,16.11390731434706,0.02022863327649742,0.02146141916128101,67.41645893802139,12.46496572590902,36.540761459468236,0.0,8.741482939898253,17.17248143179706,3.799213918548341,38.13426369285595,4.6983959064452705,2.172285208021894,1.7944245965954058,56.111904371435,4.344635544380123,41.60865197929004,17.118698430563118,11.286935449227673,16.88063820147177,23.92337566795946
2020,202001019,80.96,80.96,485.76,485.76,242.88,242.88,283.36,283.36,242.88,242.88,0.0,0.0,0.0,0.0,109.29599999999999,87.76668125159235,0.0,0.0,15.475471064986849,6.312936716107192,0.00783174563223412,0.008807938971752628,27.790456185454428,5.115722151164656,15.047612404355391,0.008251818952131349,3.544078059570113,6.83261651371957,1.488415973287553,36.0323368942192,4.166456104075728,2.0394932469482083,1.5314988423044489,51.388724233614575,3.7299228594595797,35.727658228206764,15.28800079785588,9.676789864383641,14.18966058768529,21.700623711914943
2020,202001020,80.96,80.96,485.76,485.76,242.88,242.88,283.36,283.36,242.88,242.88,0.0,0.0,0.0,0.0,109.29599999999999,87.76668125159235,0.0,0.0,10.316980646359745,4.208624505558295,0.005221163754822746,0.005871959314501753,18.52697079030295,3.410481434109771,10.031741665619522,0.00550121267110527,0.0,4.555077736240071,0.9922773221628526,35.198212637908114,4.183613452319585,2.0483942958018004,0.0,54.83224079539766,3.8220332655394795,37.42215145227917,0.0,10.20247884367826,14.120657471488572,21.782028567971775
2020,202001021,80.96,80.96,485.76,485.76,242.88,242.88,283.36,283.36,242.88,242.88,0.0,0.0,0.0,0.0,109.29599999999999,87.76668125159235,0.0,0.0,5.158490418627103,2.1043122105488985,0.002610581877411373,0.0029359796572508766,9.263485395151475,1.7052407170548856,5.015870738735872,0.0027506062810260753,1.1813593531900377,2.2775388681200357,0.0,38.10768284340884,4.200770800563442,2.0572953446553925,0.0,58.275757357180744,3.9141436716193807,39.11664430144602,15.266475958701525,0.0,14.05165435529185,21.86343327056627
2020,202001022,80.96,80.96,485.76,485.76,242.88,242.88,283.36,283.36,242.88,242.88,0.0,0.0,0.0,0.0,109.29599999999999,87.76668125159235,0.0,0.0,0.0,0.0,0.0,0.0,0.0,0.0,0.0,0.0,0.0,0.0,0.0,39.14535572793511,4.217928108854458,2.0661964099725605,1.6412399213409652,61.71927425576633,4.006254077699282,40.811137525518426,15.255713539124349,11.253856979662864,0.0,21.944837973160777
2020,202001023,80.96,80.96,485.76,485.76,242.88,242.88,283.36,283.36,242.88,242.88,0.0,0.0,0.0,0.0,109.29599999999999,87.76668125159235,0.0,0.0,0.0,0.0,0.0,0.0,0.0,0.0,0.0,0.0,0.0,0.0,0.0,38.74974116410738,4.083398101976476,2.018048023278956,1.565674824534304,7.712550492359128,3.83176285496724,0.0,0.0,10.879512409517526,13.832006384695402,0.0
2025,20250100,0.0,0.0,485.7600000000001,485.7600000000001,242.88000000000002,242.88000000000005,283.36,283.36,242.88000000000002,242.88,182.68297779807511,213.84769508418947,0.0,0.0,0.0,0.0,0.0,0.0,0.0,0.0,0.0,0.0,0.0,0.0,0.0,0.0,0.0,0.0,0.0,40.135594912880784,3.960570082602882,0.0,0.0,62.26712932331064,3.9067893674691474,21.14624102851053,15.238793126001001,0.0,13.703285240854923,20.707348193479678
2025,20250101,0.0,0.0,485.7600000000001,485.7600000000001,242.88000000000002,242.88000000000005,283.36,283.36,242.88000000000002,242.88,182.68297779807511,213.84769508418947,0.0,0.0,0.0,0.0,0.0,0.0,0.0,0.0,0.0,0.0,0.0,0.0,0.0,0.0,0.0,0.0,0.0,38.942547480018824,3.798421635280087,1.760337855766972,1.464972316963601,0.0,3.5936110340641267,39.13658477775651,14.502799239877556,11.202382611113668,13.647451351349378,19.923584347936877
2025,20250102,0.0,0.0,485.7600000000001,485.7600000000001,242.88000000000002,242.88000000000005,283.36,283.36,242.88000000000002,242.88,182.68297779807511,213.84769508418947,0.0,0.0,0.0,0.0,0.0,0.0,0.0,0.0,0.0,0.0,0.0,0.0,0.0,0.0,0.0,0.0,0.0,37.49233435031668,0.0,1.7342600287516277,0.0,0.0,0.0,37.84897841993508,0.0,0.0,0.0,19.503756859584275
2025,20250103,0.0,0.0,485.7600000000001,485.7600000000001,242.88000000000002,242.88000000000005,283.36,283.36,242.88000000000002,242.88,182.68297779807511,213.84769508418947,0.0,0.0,0.0,0.0,0.0,0.0,0.0,0.0,0.0,0.0,0.0,0.0,0.0,0.0,0.0,0.0,0.0,36.04212122061453,0.0,1.708182201736283,1.2741463107695996,0.0,0.0,0.0,13.829424240252386,0.0,13.48974892831224,0.0
2025,20250104,0.0,0.0,485.7600000000001,485.7600000000001,242.88000000000002,242.88000000000005,283.36,283.36,242.88000000000002,242.88,182.68297779807511,213.84769508418947,0.0,0.0,0.0,0.0,0.0,0.0,0.0,0.0,0.0,0.0,0.0,0.0,0.0,0.0,0.0,0.0,0.0,0.0,0.0,1.6821043911845146,1.1787333076725985,0.0,2.9124449758394473,35.273765704292224,0.0,0.0,13.410897716793674,6.102448586936589
2025,20250105,0.0,0.0,485.7600000000001,485.7600000000001,242.88000000000002,242.88000000000005,283.36,283.36,242.88000000000002,242.88,182.68297779807511,213.84769508418947,0.0,0.0,0.0,0.0,0.0,0.0,2.7468449142319193,1.2238717317013825,0.0016173315671101898,0.0,4.977767054564611,0.919099850177124,0.0,0.001534628222264676,0.0,1.3911536536037883,0.2885551236513465,33.6949004801777,3.5635325676882026,1.6853113476263597,0.0,0.0,3.0343853706627475,35.54980678508174,13.44648234874874,9.527196081359019,14.105636227205345,18.672603695522085
2025,20250106,0.0,0.0,485.7600000000001,485.7600000000001,242.88000000000002,242.88000000000005,283.36,283.36,242.88000000000002,242.88,182.68297779807511,213.84769508418947,0.0,0.0,0.0,0.0,0.0,0.0,5.4936896375693784,0.0,0.003234663244136742,0.0,9.955534109129221,1.838199637180542,5.653310893819977,0.003069256553582472,0.0,2.7823073072075766,0.0,32.79789268930591,3.5892230837675467,1.688518304068205,0.0,0.0,3.1563258209885547,35.8258482407768,13.400227912884587,0.0,0.0,18.68110520124045
2025,20250107,0.0,0.0,485.7600000000001,485.7600000000001,242.88000000000002,242.88000000000005,283.36,283.36,242.88000000000002,242.88,182.68297779807511,213.84769508418947,0.0,0.0,0.0,0.0,0.0,0.0,8.240534551801296,3.6716151951041476,0.004851994811246932,0.004747350402124967,14.933301163693832,2.757299487357666,8.479966340729966,0.004603884775847148,2.017985451045204,4.173460960811365,0.8656653709540396,31.900885078571218,3.6149136397997306,1.691725244046474,0.0,50.19364927846346,0.0,36.10188932156631,13.353973477020434,0.0,15.495113248028687,18.689606860421137
2025,20250108,0.0,0.0,485.7600000000001,485.7600000000001,242.88000000000002,242.88000000000005,283.36,283.36,242.88000000000002,242.88,182.68297779807511,213.84769508418947,0.0,0.0,0.0,0.0,0.0,0.0,28.225012185515787,12.559519913049934,0.01628308375684832,0.0,50.05273145735735,9.28444492186651,0.0,0.015840878362992285,0.0,0.0,2.9611876209229537,36.896970626702235,0.0,2.0923970058744903,1.8329906452516855,0.0,0.0,43.75110222263405,17.21507765994123,0.0,18.92980783604529,0.0
2025,20250109,0.0,0.0,485.7600000000001,485.7600000000001,242.88000000000002,242.88000000000005,283.36,283.36,242.88000000000002,242.88,182.68297779807511,213.84769508418947,0.0,0.0,0.0,0.0,0.0,0.0,48.186648724349986,0.0,0.0,0.027210290007215223,85.13080554834505,15.80395638252552,0.0,0.0,11.499352065042089,23.080334259425406,5.054310280143449,0.0,5.593081460172785,2.488356447721194,2.3156665366402875,0.0,0.0,0.0,21.038984038597636,14.293905858422905,0.0,27.344749540985912
2025,20250110,0.0,0.0,485.7600000000001,485.7600000000001,242.88000000000002,242.88000000000005,283.36,283.36,242.88000000000002,242.88,182.68297779807511,213.84769508418947,0.0,0.0,0.0,0.0,0.0,0.0,68.10714349816621,30.29829705205309,0.0,0.0,51.63942338617983,22.309878547210158,0.0,0.0,0.0,32.50817610632171,7.143500928913997,46.76790477516717,6.596178529861037,2.8904464313806595,0.0,0.0,0.0,0.0,24.91043179187244,0.0,25.840613125555265,0.0
2025,20250111,0.0,0.0,485.7600000000001,485.7600000000001,242.88000000000002,242.88000000000005,283.36,283.36,242.88000000000002,242.88,182.68297779807511,213.84769508418947,0.0,0.0,0.0,0.0,0.0,0.0,82.04301733281902,36.438333160936274,0.0,0.0,0.0,26.914829848040853,0.0,0.0,10.799486555015278,0.0,0.0,48.388011142703704,0.0,2.9600073121543344,0.0,78.92331356264681,0.0,0.0,0.0,0.0,26.397999859878894,0.0
2025,20250112,0.0,0.0,485.7600000000001,485.7600000000001,242.88000000000002,242.88000000000005,283.36,283.36,242.88000000000002,242.88,182.68297779807511,213.84769508418947,0.0,0.0,0.0,0.0,0.0,0.0,95.97889097657736,0.0,0.0,0.0542688403628518,170.60757167776242,0.0,3.5341647194695156,0.0,22.762150485351725,0.0,0.0,50.00811751024022,0.0,3.0295681929280094,0.0,0.0,7.44215368437505,63.08191875232153,0.0,0.0,0.0,0.0
2025,20250113,0.0,0.0,485.7600000000001,485.7600000000001,242.88000000000002,242.88000000000005,283.36,283.36,242.88000000000002,242.88,182.68297779807511,213.84769508418947,0.0,0.0,0.0,0.0,0.0,0.0,109.91476481123017,0.0,0.0,0.06219736517852726,0.0,36.12473244970224,76.55342816044998,0.06175441023669963,0.0,51.99704584603473,11.486453297360756,51.628223877776755,0.0,3.0991290737016848,0.0,0.0,0.0,0.0,28.068578257940185,19.17525579127819,27.512773657481304,34.87777004442505
2025,20250114,0.0,0.0,485.7600000000001,485.7600000000001,242.88000000000002,242.88000000000005,283.36,283.36,242.88000000000002,242.88,182.68297779807511,213.84769508418947,0.0,0.0,0.0,0.0,0.0,0.0,99.02936746550469,0.0,0.0,0.05602771990503641,0.0,0.0,96.85344993542881,0.0,0.0,46.454433768338895,10.295302232711604,49.70167350997732,0.0,2.9576739789118673,3.010052056318756,2.7367596501244975,0.0,0.0,26.29048900646292,0.0,0.0,0.0
2025,20250115,0.0,0.0,485.7600000000001,485.7600000000001,242.88000000000002,242.88000000000005,283.36,283.36,242.88000000000002,242.88,182.68297779807511,213.84769508418947,0.0,0.0,0.0,0.0,0.0,0.0,88.14397011977924,0.0,0.0,0.04985807474031422,0.0,28.957972822181794,86.01224065052926,0.04907081087130091,0.0,0.0,0.0,47.77512332231498,0.0,2.8162188676584745,0.0,0.0,0.0,0.0,24.51239975498566,0.0,0.0,32.03331981615164
2025,20250116,0.0,0.0,485.7600000000001,485.7600000000001,242.88000000000002,242.88000000000005,283.36,283.36,242.88000000000002,242.88,182.68297779807511,213.84769508418947,0.0,0.0,0.0,0.0,0.0,0.0,77.25857277405376,0.0,0.042073174263539764,0.0,138.40239779333905,25.37459304000842,75.17103136562972,0.042729011297654676,18.0041759076511,3.230435651283244,0.0,45.848572954515554,0.0,2.674763772868657,2.5080734665297726,0.0,6.028219055846742,53.34521601150014,22.734310591854573,0.0,0.0,30.611094855477255
2025,20250117,0.0,0.0,485.7600000000001,485.7600000000001,242.88000000000002,242.88000000000005,283.36,283.36,242.88000000000002,242.88,182.68297779807511,213.84769508418947,0.0,0.0,0.0,0.0,0.0,0.0,56.35391702774523,24.296431646700682,0.030411643025083885,0.03181230842721863,100.64494698364452,18.47684587991887,54.64312725858618,0.0,13.056527329152443,0.0,5.728426971962134,42.70105444470221,5.682325600434961,2.4774652982585703,2.2235352414359095,0.0,5.36294253275798,47.45053783299322,20.425916701145233,0.0,0.0,0.0
2025,20250118,0.0,0.0,485.7600000000001,485.7600000000001,242.88000000000002,242.88000000000005,283.36,283.36,242.88000000000002,242.88,182.68297779807511,213.84769508418947,0.0,0.0,0.0,0.0,0.0,0.0,35.449261472331145,15.030828193438298,0.018750111786628006,0.019936187387613876,62.88749617395,11.579098783003023,34.11522296339488,0.019364491982339683,0.0,15.827712256321663,3.5438538006840656,39.553536115025956,5.083737986121562,2.280166823648483,1.938996992127803,59.634599158782294,4.697666009669216,41.55585965448629,18.1175228104359,12.125936568042459,17.146371804145197,25.667883321592242
2025,20250119,0.0,0.0,485.7600000000001,485.7600000000001,242.88000000000002,242.88000000000005,283.36,283.36,242.88000000000002,242.88,182.68297779807511,213.84769508418947,0.0,0.0,0.0,0.0,0.0,0.0,14.5446057260226,5.765224824636415,0.00708858043825577,0.008060066239240486,25.13004536425548,4.681351622913469,13.58731866820357,0.007682232324682183,3.161230126148186,6.056963578008893,1.3592806493194485,36.40601760521261,4.485150371808165,2.0828683490383963,1.6544587428196975,54.87731810487874,4.032389431077948,35.66118185088491,15.809128919726563,10.47931326371714,13.93226747880185,23.196277631380894
2025,20250120,0.0,0.0,485.7600000000001,485.7600000000001,242.88000000000002,242.88000000000005,283.36,283.36,242.88000000000002,242.88,182.68297779807511,213.84769508418947,0.0,0.0,0.0,0.0,0.0,0.0,9.696403944611376,3.8434831882707767,0.004725720365448089,0.005373377456570778,16.75336357617032,3.120901060884411,9.05821238275312,0.005121488289156869,2.1074867507654576,4.037975748886106,0.9061870929084821,38.444574876251906,4.418389253605881,2.033768647530046,1.7233461084010484,58.72418159137302,4.199308335813365,38.46448672729384,16.1096796086824,11.028359180675,13.893162604330708,0.0
2025,20250121,0.0,0.0,485.7600000000001,485.7600000000001,242.88000000000002,242.88000000000005,283.36,283.36,242.88000000000002,242.88,182.68297779807511,213.84769508418947,0.0,0.0,0.0,0.0,0.0,0.0,4.848201972305688,1.9217416363656377,0.0,0.00268668878266971,8.37668178808516,1.560450562029059,4.529106285450449,0.0025607441445784345,1.0537433753827288,2.0189878291227856,0.4530935564109665,40.4831323274283,4.3516281354035975,1.9846689295581192,0.0,62.57104541466978,4.366227185046277,41.267791603702776,0.0,11.57740509763286,0.0,22.582009851324592
2025,20250122,0.0,0.0,485.7600000000001,485.7600000000001,242.88000000000002,242.88000000000005,283.36,283.36,242.88000000000002,242.88,182.68297779807511,213.84769508418947,0.0,0.0,0.0,0.0,0.0,0.0,0.0,0.0,0.0,0.0,0.0,0.0,0.0,0.0,0.0,0.0,0.0,42.521689598467596,4.284867057154155,1.935569228049769,1.8611208153495076,66.41790890116405,4.533146089781695,44.07109648011172,16.710780986594074,12.126451014590721,13.81495285538843,0.0
2025,20250123,0.0,0.0,485.7600000000001,485.7600000000001,242.88000000000002,242.88000000000005,283.36,283.36,242.88000000000002,242.88,182.68297779807511,213.84769508418947,0.0,0.0,0.0,0.0,0.0,0.0,0.0,0.0,0.0,0.0,0.0,0.0,0.0,0.0,0.0,0.0,0.0,41.32864216560564,4.1227185698785185,1.8771587651343113,1.7290713239589535,10.793382947640566,0.0,42.4262591210248,15.974787100470625,11.81842818386581,13.759119130360466,21.491112192484803
2030,20300100,0.0,0.0,485.7600000000001,485.76,242.88000000000002,242.88,283.36,283.36,242.88,242.88,184.46227467711404,216.36549586273023,0.0,0.0,2.869667361303044,0.0,0.0,0.0,0.0,0.0,0.0,0.0,0.0,0.0,0.0,0.0,0.0,0.0,0.0,39.415049058974496,4.1334698795199625,1.9792475892107495,1.5246372039053857,0.0,3.728203336298932,41.71154255762643,0.0,0.0,13.743885216561564,0.0
2030,20300101,0.0,0.0,485.7600000000001,485.76,242.88000000000002,242.88,283.36,283.36,242.88,242.88,184.46227467711404,216.36549586273023,0.0,0.0,2.869667361303044,0.0,0.0,0.0,0.0,0.0,0.0,0.0,0.0,0.0,0.0,0.0,0.0,0.0,0.0,38.64136726577842,4.016938707633026,1.9559584944149184,0.0,58.14800581221,3.4818521300782894,0.0,0.0,10.558990390321156,13.975541860018856,20.824683489928795
2030,20300102,0.0,0.0,485.7600000000001,485.76,242.88000000000002,242.88,283.36,283.36,242.88,242.88,184.46227467711404,216.36549586273023,0.0,0.0,2.869667361303044,0.0,0.0,0.0,0.0,0.0,0.0,0.0,0.0,0.0,0.0,0.0,0.0,0.0,0.0,37.05717392997852,3.7878837936706535,1.8819231264795104,1.3465697306495124,55.17203780403994,3.3031573694974123,0.0,0.0,0.0,13.671007666404067,0.0
2030,20300103,0.0,0.0,485.7600000000001,485.76,242.88000000000002,242.88,283.36,283.36,242.88,242.88,184.46227467711404,216.36549586273023,0.0,0.0,2.869667361303044,0.0,0.0,0.0,0.0,0.0,0.0,0.0,0.0,0.0,0.0,0.0,0.0,0.0,0.0,35.472980774315694,3.5588289196611234,0.0,1.272608585283198,0.0,3.1244625534140282,37.861530632602445,0.0,0.0,13.366473637266854,0.0
2030,20300104,0.0,0.0,485.7600000000001,485.76,242.88000000000002,242.88,283.36,283.36,242.88,242.88,184.46227467711404,216.36549586273023,0.0,0.0,2.869667361303044,0.0,0.0,0.0,0.0,0.0,0.0,0.0,0.0,0.0,0.0,0.0,0.0,0.0,0.0,0.0,0.0,1.7338523576815423,1.1986474157026408,0.0,2.945767792833151,0.0,13.184146946972962,0.0,0.0,17.702991760226297
2030,20300105,0.0,0.0,485.7600000000001,485.76,242.88000000000002,242.88,283.36,283.36,242.88,242.88,184.46227467711404,216.36549586273023,0.0,0.0,2.869667361303044,0.0,0.0,0.0,0.0,1.4096627847009362,0.0,0.0,0.0,1.0060702072863663,3.1556064361565537,0.0,0.748693496710858,0.0,0.0,0.0,3.391126268269045,1.7030950884462508,1.2065945543903414,0.0,0.0,34.968406259803515,0.0,0.0,13.538627225282243,17.900587544196522
2030,20300106,0.0,0.0,485.7600000000001,485.76,242.88000000000002,242.88,283.36,283.36,242.88,242.88,184.46227467711404,216.36549586273023,0.0,0.0,2.869667361303044,0.0,0.0,0.0,5.877029003345429,2.8193256538623706,0.0037138620942354533,0.0034643807646372467,10.921085413896805,2.0121403513990264,6.311213060460885,0.003438400928976192,1.4973870394286544,3.122590185770275,0.0,32.26357634601072,0.0,1.6723378192109597,0.0,48.28174342188917,2.9672807864472843,33.92302112815226,0.0,9.138631410340608,0.0,0.0
2030,20300107,0.0,0.0,485.7600000000001,485.76,242.88000000000002,242.88,283.36,283.36,242.88,242.88,184.46227467711404,216.36549586273023,0.0,0.0,2.869667361303044,0.0,0.0,0.0,8.815543409570914,4.228988438563307,0.0,0.005196571201340192,16.381627949864203,3.018210558685393,9.46681949661744,0.005157601447990848,0.0,4.683885278655412,0.0,0.0,3.5138307534567916,1.6415805499756682,0.0,47.81256407058259,2.9780372832543507,32.877635996501006,12.618126333896287,0.0,0.0,18.295779265599297
2030,20300108,0.0,0.0,485.7600000000001,485.76,242.88000000000002,242.88,283.36,283.36,242.88,242.88,184.46227467711404,216.36549586273023,0.0,0.0,2.869667361303044,0.0,0.0,0.0,28.659265585530903,0.0,0.017309345798007077,0.016693631783973675,52.13160953386184,0.0,29.28068566608458,0.0,7.065752718476051,14.495566769465889,3.1425027975477735,35.62035093088143,0.0,1.9414589406721108,1.6494143349112005,55.717363821629505,0.0,40.17672123172959,15.668943945460576,11.25598962669845,17.394434099707414,0.0
2030,20300109,0.0,0.0,485.7600000000001,485.76,242.88000000000002,242.88,283.36,283.36,242.88,242.88,184.46227467711404,216.36549586273023,0.0,0.0,2.869667361303044,0.0,0.0,0.0,48.47881479595981,22.41655631940735,0.02903270290219456,0.028176392770806993,87.83639433974622,0.0,49.068387253002555,0.027948329483757337,0.0,24.294399964410488,0.0,39.70212399834683,0.0,2.2367647048300014,0.0,0.0,4.976767968546817,47.384225289396035,18.704902436893487,0.0,0.0,24.678886179234134
2030,20300110,0.0,0.0,485.7600000000001,485.76,242.88000000000002,242.88,283.36,283.36,242.88,242.88,184.46227467711404,216.36549586273023,0.0,0.0,2.869667361303044,0.0,0.0,0.0,68.24611275645397,0.0,0.04071800190538644,0.03962120274698666,0.0,0.0,68.70877853742043,0.0,0.0,0.0,0.0,0.0,0.0,0.0,2.5074623958995095,0.0,2.319089843481379,54.73534216607056,0.0,15.4138664603145,23.256178004795345,0.0
2030,20300111,0.0,0.0,485.7600000000001,485.76,242.88000000000002,242.88,283.36,283.36,242.88,242.88,184.46227467711404,216.36549586273023,0.0,0.0,2.869667361303044,0.0,0.0,0.0,81.57964641895735,0.0,0.0,0.0,0.0,27.46763130234058,82.39436641358772,0.04678783647424573,19.96832270527139,17.39269403946514,8.788699683061141,45.70585844114312,0.0,0.0,0.0,0.0,0.0,57.74064052839638,0.0,0.0,0.0,0.0
2030,20300112,0.0,0.0,485.7600000000001,485.76,242.88000000000002,242.88,283.36,283.36,242.88,242.88,184.46227467711404,216.36549586273023,0.0,0.0,2.869667361303044,0.0,0.0,0.0,94.91317989056628,43.08039656199168,0.0,0.05496298802120189,0.0,31.922947719778662,96.0799544779028,0.0,0.0,0.0,0.0,47.528881138852306,0.0,2.808104382614122,0.0,0.0,0.0,0.0,24.932465946734773,0.0,25.24049018066838,0.0
2030,20300113,0.0,0.0,485.7600000000001,485.76,242.88000000000002,242.88,283.36,283.36,242.88,242.88,184.46227467711404,216.36549586273023,0.0,0.0,2.869667361303044,0.0,0.0,0.0,38.14531778945411,0.0,0.0,0.06263388071269384,199.4346590513296,0.0,109.76554235407009,0.06179381407343322,0.0,53.29088999641098,0.0,49.3519038365615,0.0,2.9404908128826084,0.0,0.0,0.0,0.0,26.50377832154079,0.0,26.23264610412732,32.73550600706296
2030,20300114,0.0,0.0,485.7600000000001,485.76,242.88000000000002,242.88,283.36,283.36,242.88,242.88,184.46227467711404,216.36549586273023,0.0,0.0,2.869667361303044,0.0,0.0,0.0,0.0,43.628406261180956,0.0,0.0,0.0,0.0,98.83265204378851,0.05529508487887191,23.83095869466698,0.0,0.0,47.16347682664073,6.4723299151519145,2.7928043698038905,0.0,0.0,0.0,0.0,24.51178795771284,0.0,0.0,0.0
2030,20300115,0.0,0.0,485.7600000000001,485.76,242.88000000000002,242.88,283.36,283.36,242.88,242.88,184.46227467711404,216.36549586273023,0.0,0.0,2.869667361303044,0.0,0.0,0.0,86.29338710565962,0.0,0.04924223447347829,0.0,0.0,29.08392881061041,87.89976192165472,0.0,0.0,42.26326880754997,0.0,0.0,0.0,1.888822663093606,0.0,0.0,0.0,0.0,22.519797593884892,0.0,23.33980005310566,0.0
2030,20300116,0.0,0.0,485.7600000000001,485.76,242.88000000000002,242.88,283.36,283.36,242.88,242.88,184.46227467711404,216.36549586273023,0.0,0.0,2.869667361303044,0.0,0.0,0.0,75.31672407284906,0.0,0.0,0.043795466838151845,0.0,0.0,76.9668717995209,0.0,0.0,36.74945812247893,7.807849316348916,0.0,0.0,2.4974315001100305,2.4079670409730647,0.0,0.0,0.0,0.0,0.0,0.0,0.0
2030,20300117,0.0,0.0,485.7600000000001,485.76,242.88000000000002,242.88,283.36,283.36,242.88,242.88,184.46227467711404,216.36549586273023,0.0,0.0,2.869667361303044,0.0,0.0,0.0,55.009576196317234,24.01965467684722,0.030853054718021595,0.03193250952342094,101.6586619290038,18.5466596482032,56.13564807497817,0.030808284091699577,13.348467944812072,26.74585925700581,5.663170613234995,39.873119495059136,5.260887007446764,2.3164239974160425,2.103234040561341,0.0,5.066186503050868,47.212524921604285,18.3311692207595,0.0,19.01011829268612,26.08079733233532
2030,20300118,0.0,0.0,485.7600000000001,485.76,242.88000000000002,242.88,283.36,283.36,242.88,242.88,184.46227467711404,216.36549586273023,0.0,0.0,2.869667361303044,0.0,0.0,0.0,34.70242831978542,14.923258879962702,0.019151547118204437,0.0200695520999214,63.88762325847707,11.656558085925454,0.0,0.019318942020809242,8.347673761407375,16.7422603915327,0.0,36.95961636345617,4.782913385843675,2.1354164947220546,1.7985010643638604,56.022669560093895,4.34748915026055,41.45676387011121,16.134531299808234,11.205026955069414,16.1268596400162,24.098778651684984
2030,20300119,0.0,0.0,485.7600000000001,485.76,242.88000000000002,242.88,283.36,283.36,242.88,242.88,184.46227467711404,216.36549586273023,0.0,0.0,2.869667361303044,0.0,0.0,0.0,14.395280443253599,5.826863083078183,0.007450039628303651,0.00820659478519049,26.116584587950364,4.7664565868214135,14.473200814040458,0.007829599949918905,3.346879578002677,6.738661526059584,1.373813246834053,34.0461134119903,4.304939804193426,1.9544089920280672,1.493768063952137,50.4223193134183,3.6287917974702335,35.70100319352368,13.937893378856966,9.4576422871503,13.243601151823867,22.11675997103465
2030,20300120,0.0,0.0,485.7600000000001,485.76,242.88000000000002,242.88,283.36,283.36,242.88,242.88,184.46227467711404,216.36549586273023,0.0,0.0,2.869667361303044,0.0,0.0,0.0,9.596853628835733,3.8845754168722886,0.004966693085535766,0.0,17.411056391966905,3.177637745605512,9.648800542693643,0.005219733263594897,0.0,4.492441047586568,0.0,36.35154648978242,4.32547061056023,1.9782145821316568,0.0,54.37756348603429,3.8261630960593926,4.7096444400728785,14.406765002318991,0.0,0.0,22.229685834583563
2030,20300121,0.0,0.0,485.7600000000001,485.76,242.88000000000002,242.88,283.36,283.36,242.88,242.88,184.46227467711404,216.36549586273023,0.0,0.0,2.869667361303044,0.0,0.0,0.0,4.798426814417867,1.9422876662058948,0.002483346542767883,0.0027355315588072837,8.705528195983453,0.0,4.824400271346821,0.0026098666863240082,1.1156265260008924,2.246220478473016,0.45793774230686735,38.65697956757453,4.3460014568798755,2.002020172235246,1.6531559197022998,58.33280765865028,4.023534450151059,39.91407402656368,14.87563662578102,10.645271325348917,13.268248282213406,22.342611851594796
2030,20300122,0.0,0.0,485.7600000000001,485.76,242.88000000000002,242.88,283.36,283.36,242.88,242.88,184.46227467711404,216.36549586273023,0.0,0.0,2.869667361303044,0.0,0.0,0.0,0.0,0.0,0.0,0.0,0.0,0.0,0.0,0.0,0.0,0.0,0.0,40.96241264536664,4.36653226324668,2.0258257623388354,1.7328498354702595,12.716478190956423,0.0,42.020609817989225,15.344508249243045,11.239085800099383,13.280571929646973,0.0
2030,20300123,0.0,0.0,485.7600000000001,485.76,242.88000000000002,242.88,283.36,283.36,242.88,242.88,184.46227467711404,216.36549586273023,0.0,0.0,2.869667361303044,0.0,0.0,0.0,0.0,0.0,0.0,0.0,0.0,0.0,0.0,0.0,0.0,0.0,0.0,40.18873085217057,4.250001091359742,2.0025366675430045,1.6287435317949441,0.0,3.974554598022082,41.86607600035506,14.995247189060304,11.012387300607415,0.0,21.91191969122618
2035,20350100,0.0,0.0,485.7600000000001,485.76,242.88000000000002,242.88000000000005,283.36,283.36,242.88000000000002,242.88,184.46227467711404,216.36549586273023,0.0,0.0,0.0,0.0,0.0,0.0,0.0,0.0,0.0,0.0,0.0,0.0,0.0,0.0,0.0,0.0,0.0,40.329962837259735,0.0,1.8056860351285582,0.0,60.664199005214975,3.6547139657205947,41.48535716647972,14.903996278540323,0.0,13.26088478527038,6.434073488227796
2035,20350101,0.0,0.0,485.7600000000001,485.76,242.88000000000002,242.88000000000005,283.36,283.36,242.88000000000002,242.88,184.46227467711404,216.36549586273023,0.0,0.0,0.0,0.0,0.0,0.0,0.0,0.0,0.0,0.0,0.0,0.0,0.0,0.0,0.0,0.0,0.0,40.21170950014984,3.8644702345074706,1.784021648334963,1.3836779608204943,0.0,3.3981986964495987,41.92792079453146,14.603182317978277,10.660312944140957,13.691011265651627,20.252032236222362
2035,20350102,0.0,0.0,485.7600000000001,485.76,242.88000000000002,242.88000000000005,283.36,283.36,242.88000000000002,242.88,184.46227467711404,216.36549586273023,0.0,0.0,0.0,0.0,0.0,0.0,0.0,0.0,0.0,0.0,0.0,0.0,0.0,0.0,0.0,0.0,0.0,38.22678408581999,3.682369857538031,1.7633360046738085,0.0,0.0,0.0,0.0,0.0,0.0,0.0,0.0
2035,20350103,0.0,0.0,485.7600000000001,485.76,242.88000000000002,242.88000000000005,283.36,283.36,242.88000000000002,242.88,184.46227467711404,216.36549586273023,0.0,0.0,0.0,0.0,0.0,0.0,0.0,0.0,0.0,0.0,0.0,0.0,0.0,0.0,0.0,0.0,0.0,36.24185867149014,3.5002694805685906,1.7426503774762299,1.3323384874667898,55.701427001046376,3.2648088005203446,38.62831632800161,0.0,10.095239711065052,0.0,18.554619713837546
2035,20350104,0.0,0.0,485.7600000000001,485.76,242.88000000000002,242.88000000000005,283.36,283.36,242.88000000000002,242.88,184.46227467711404,216.36549586273023,0.0,0.0,0.0,0.0,0.0,0.0,0.0,0.0,0.0,0.0,0.0,0.0,0.0,0.0,0.0,0.0,0.0,34.256933077023206,0.0,1.7219647338150754,1.3066687507899375,0.0,0.0,36.978514094736695,12.90441697814413,9.812703094527098,0.0,0.0
2035,20350105,0.0,0.0,485.7600000000001,485.76,242.88000000000002,242.88000000000005,283.36,283.36,242.88000000000002,242.88,184.46227467711404,216.36549586273023,0.0,0.0,0.0,0.0,0.0,0.0,3.231833671271095,1.5038792311704845,0.001971656855455473,0.0018875564347991987,5.926251376916842,1.0963080348357845,3.387595656346184,0.0018556964206003738,0.8150706050642561,0.0,0.35457315196244177,33.53602983112251,0.0,1.7010449616389511,1.2573007526531736,0.0,3.073318769553109,35.56784724007273,0.0,9.53240999712565,13.739104182159638,0.0
2035,20350106,0.0,0.0,485.7600000000001,485.76,242.88000000000002,242.88000000000005,283.36,283.36,242.88000000000002,242.88,184.46227467711404,216.36549586273023,0.0,0.0,0.0,0.0,0.0,0.0,6.463667533436651,3.007758462340969,0.003943313710910946,0.0,0.0,2.192616132845276,0.0,0.0037113928412007475,1.6301412561354505,0.0,0.7091463039248835,0.0,3.4017414585795773,1.680125205926403,1.207932730302167,0.0,2.948523658799247,34.157180385408765,0.0,9.252116899724202,0.0,17.859691216524165
2035,20350107,0.0,0.0,485.7600000000001,485.76,242.88000000000002,242.88000000000005,283.36,283.36,242.88000000000002,242.88,184.46227467711404,216.36549586273023,0.0,0.0,0.0,0.0,0.0,0.0,9.695501204707748,4.511637777971953,0.005914970566366418,0.0,17.778754472712546,0.0,10.162786969038551,0.00556708926180112,0.0,0.0,1.0637194758007764,31.333440263632497,0.0,0.0,1.1585647321654033,47.634244325011814,2.823728603547892,0.0,0.0,0.0,14.211097280119313,17.93657998336694
2035,20350108,0.0,0.0,485.7600000000001,485.76,242.88000000000002,242.88000000000005,283.36,283.36,242.88000000000002,242.88,184.46227467711404,216.36549586273023,0.0,0.0,0.0,0.0,0.0,0.0,30.114281489208164,13.714451438352983,0.01789537357030773,0.0,0.0,0.0,30.19944945828003,0.01713443637519457,0.0,15.07209921782141,3.233488549574498,0.0,0.0,1.9354286949646284,1.5687359164611512,55.766706397940645,0.0,0.0,15.894695813937725,11.149611482472132,17.306444842595674,0.0
2035,20350109,0.0,0.0,485.7600000000001,485.76,242.88000000000002,242.88000000000005,283.36,283.36,242.88000000000002,242.88,184.46227467711404,216.36549586273023,0.0,0.0,0.0,0.0,0.0,0.0,50.50637320097724,22.90490117970751,0.02985957841967825,0.0,0.0,0.0,0.0,0.0,0.0,0.0,5.400342553009477,0.0,4.871560151220087,2.2103683076181406,0.0,63.766482769308354,0.0,47.44701072159348,19.067239349633336,0.0,20.369170085605823,24.27440308154127
2035,20350110,0.0,0.0,485.7600000000001,485.76,242.88000000000002,242.88000000000005,283.36,283.36,242.88000000000002,242.88,184.46227467711404,216.36549586273023,0.0,0.0,0.0,0.0,0.0,0.0,70.74052227224213,32.037168110544,0.04174848924145221,0.04015522284240842,125.85764149027811,0.0,70.07763489956226,0.0,0.0,0.0,7.553478658033587,0.0,0.0,0.0,2.3760055238862354,0.0,0.0,0.0,22.178005761201124,0.0,23.366806778910437,0.0
2035,20350111,0.0,0.0,485.7600000000001,485.76,242.88000000000002,242.88000000000005,283.36,283.36,242.88000000000002,242.88,184.46227467711404,216.36549586273023,0.0,0.0,0.0,0.0,0.0,0.0,29.862196952704153,38.13115914272009,0.0,0.0,0.0,0.0,0.0,0.0,0.0,41.40712363223336,0.0,0.0,0.0,0.0,0.0,0.0,0.0,0.0,23.63463790780426,0.0,24.458412593033188,0.0
2035,20350112,0.0,0.0,485.7600000000001,485.76,242.88000000000002,242.88000000000005,283.36,283.36,242.88000000000002,242.88,184.46227467711404,216.36549586273023,0.0,0.0,0.0,0.0,0.0,0.0,98.78563532730334,44.22515025935665,0.05655636109011864,0.0,0.0,0.0,0.0,0.05608307393483531,23.79787873986819,9.408039690433952,10.427067944324206,0.0,0.0,0.0,2.767287710119137,77.42486140013277,6.6445037937675835,0.0,0.0,17.125047750678835,0.0,31.079142814285607
2035,20350113,0.0,0.0,485.7600000000001,485.76,242.88000000000002,242.88000000000005,283.36,283.36,242.88000000000002,242.88,184.46227467711404,216.36549586273023,0.0,0.0,0.0,0.0,0.0,0.0,112.80819166393948,50.31914129153274,0.0,0.0,0.0,0.0,0.0,0.0,0.0,54.499834239235156,0.0,0.0,0.0,2.9589474529827084,0.0,80.35383805022768,0.0,61.82659251203197,0.0,17.981434945382844,26.6416242212787,0.0
2035,20350114,0.0,0.0,485.7600000000001,485.76,242.88000000000002,242.88000000000005,283.36,283.36,242.88000000000002,242.88,184.46227467711404,216.36549586273023,0.0,0.0,0.0,0.0,0.0,0.0,101.95644996606964,45.15990399097323,0.0,0.0,0.0,0.0,0.0,0.0,24.381575989441114,0.0,0.0,0.0,0.0,2.7626754988027518,0.0,0.0,0.0,0.0,24.6115356501116,0.0,24.76744311035259,0.0
2035,20350115,0.0,0.0,485.7600000000001,485.76,242.88000000000002,242.88000000000005,283.36,283.36,242.88000000000002,242.88,184.46227467711404,216.36549586273023,0.0,0.0,0.0,0.0,0.0,0.0,91.1047082681998,40.000666690413716,0.05076878974369283,0.051884106599593194,0.0,30.134708502880585,89.12562409131542,0.05134933066650543,0.0,0.0,0.0,0.0,0.0,0.0,2.5306502211220643,69.80839085765692,0.0,0.0,0.0,15.421535882674592,0.0,29.37075190430412
2035,20350116,0.0,0.0,485.7600000000001,485.76,242.88000000000002,242.88000000000005,283.36,283.36,242.88000000000002,242.88,184.46227467711404,216.36549586273023,0.0,0.0,0.0,0.0,0.0,0.0,80.25296657032996,0.0,0.04417303602587604,0.0,0.0,0.0,78.06232347636433,0.0,0.0,18.122969995231813,0.0,42.64313982858394,5.575345395020135,2.370131590442838,0.0,0.0,0.0,0.0,0.0,0.0,21.01908105297795,27.591022345820065
2035,20350117,0.0,0.0,485.7600000000001,485.76,242.88000000000002,242.88000000000005,283.36,283.36,242.88000000000002,242.88,184.46227467711404,216.36549586273023,0.0,0.0,0.0,0.0,0.0,0.0,58.75165510711631,25.354860295373264,0.03212219432983744,0.03349463246609602,104.96759175091073,19.45395328026787,57.12323030350399,0.0,0.0,27.128338023924357,5.97797518986996,40.57512491870705,0.0,0.0,2.034501403991219,59.60443243267405,0.0,3.121939165288609,0.0,12.457926487776385,18.042195838493818,0.0
2035,20350118,0.0,0.0,485.7600000000001,485.76,242.88000000000002,242.88000000000005,283.36,283.36,242.88000000000002,242.88,184.46227467711404,216.36549586273023,0.0,0.0,0.0,0.0,0.0,0.0,37.250343643902646,15.868291200892315,0.0,0.0212427127235503,66.61156036397946,12.337939259026193,36.184137318791414,0.0,0.0,0.0,0.0,38.50711000883015,4.666047329239477,0.0,0.0,54.67319760397658,0.0,38.8992770637042,16.89449244348377,10.774266491185786,15.065310459532093,23.742024791554904
2035,20350119,0.0,0.0,485.7600000000001,485.76,242.88000000000002,242.88000000000005,283.36,283.36,242.88000000000002,242.88,184.46227467711404,216.36549586273023,0.0,0.0,0.0,0.0,0.0,0.0,15.749032180688982,6.381722106411366,0.00802051082784387,0.008990792981004577,28.25552863508618,5.221925237784514,15.245044145931063,0.008566653019802263,3.610830768567966,6.9797339880903415,1.5046336669318328,36.43909491881617,4.21139829634915,1.9734218540449278,1.4744823397359297,49.74196311208159,3.606250120396579,32.98254919027125,14.97233761193423,9.090606583292868,12.08842508057037,21.81752609115349
2035,20350120,0.0,0.0,485.7600000000001,485.76,242.88000000000002,242.88000000000005,283.36,283.36,242.88000000000002,242.88,184.46227467711404,216.36549586273023,0.0,0.0,0.0,0.0,0.0,0.0,10.499354914388963,4.254481404274245,0.00534700721856258,0.005993861987336387,18.837019204044793,3.4812834918563436,10.163362701238118,0.005711102085903589,0.0,4.653155961846716,1.0030891112878888,37.814886389658255,4.161477580499286,1.9319528224716254,1.550934985396674,54.30447128160236,3.7934149520202527,35.52177584703588,15.150099748946841,9.74511342176057,12.192493995216214,21.6304552136182
2035,20350121,0.0,0.0,485.7600000000001,485.76,242.88000000000002,242.88000000000005,283.36,283.36,242.88000000000002,242.88,184.46227467711404,216.36549586273023,0.0,0.0,0.0,0.0,0.0,0.0,5.2496774571944815,2.1272407021371227,0.00267350360928129,0.0029969309936681934,9.418509431041386,1.7406417459281718,5.081681444692948,0.0028555510429517945,1.2036102408536762,2.3265780262436255,0.5015445556439444,39.19067786050035,4.1115568646494225,1.890483807361899,1.627387631057419,58.86697978792563,3.9805797836439267,38.06100287870607,15.327861974305629,10.39962017153059,12.296562745384472,21.443384336082914
2035,20350122,0.0,0.0,485.7600000000001,485.76,242.88000000000002,242.88000000000005,283.36,283.36,242.88000000000002,242.88,184.46227467711404,216.36549586273023,0.0,0.0,0.0,0.0,0.0,0.0,0.0,0.0,0.0,0.0,0.0,0.0,0.0,0.0,0.0,0.0,0.0,40.566469151205354,4.061636108846718,1.8490147922521727,1.7038402767181635,0.0,4.167744559765093,40.60022991037625,15.505624111318237,11.05412692130061,12.400631495552727,21.256313458547627
2035,20350123,0.0,0.0,485.7600000000001,485.76,242.88000000000002,242.88000000000005,283.36,283.36,242.88000000000002,242.88,184.46227467711404,216.36549586273023,0.0,0.0,0.0,0.0,0.0,0.0,0.0,0.0,0.0,0.0,0.0,0.0,0.0,0.0,0.0,0.0,0.0,40.44821599423255,3.99591416405125,1.8273504054585774,1.5971194886094449,5.664332378405049,3.9112292904940973,41.042793538427986,15.204810150756192,10.922855595580726,12.830758140411556,20.921553051105867
