GEN_TPS_1,GEN_TPS_2,DispatchGen
C-Central_PV-1,1,0.0
C-Central_PV-1,2,0.0
C-Central_PV-1,3,0.0
C-Central_PV-1,4,0.0
C-Central_PV-1,5,0.0
C-Central_PV-1,6,0.0
C-Central_PV-1,7,0.0
C-Central_PV-1,8,0.0
C-Central_PV-1,9,0.0
C-Central_PV-1,10,0.0
C-Central_PV-1,11,0.0
C-Central_PV-1,12,0.0
C-Central_PV-1,13,0.0
C-Central_PV-1,14,0.0
C-Central_PV-1,15,0.0
C-Central_PV-1,16,0.0
C-Central_PV-1,17,0.0
C-Central_PV-1,18,0.0
C-Central_PV-1,19,0.0
C-Central_PV-1,20,0.0
C-Central_PV-1,21,0.0
C-Central_PV-1,22,0.0
C-Central_PV-1,23,0.0
C-Central_PV-1,24,0.0
C-Central_PV-1,25,0.0
C-Central_PV-1,26,0.0
C-Central_PV-1,27,0.0
C-Central_PV-1,28,0.0
C-Central_PV-1,29,0.0
C-Central_PV-1,30,0.0
C-Central_PV-1,31,0.0
C-Central_PV-1,32,0.0
C-Central_PV-1,33,0.0
C-Central_PV-1,34,0.0
C-Central_PV-1,35,0.0
C-Central_PV-1,36,0.0
C-Central_PV-1,37,0.0
C-Central_PV-1,38,0.0
C-Central_PV-1,39,0.0
C-Central_PV-1,40,0.0
C-Central_PV-1,41,0.0
C-Central_PV-1,42,0.0
C-Central_PV-1,43,0.0
C-Central_PV-1,44,0.0
C-Central_PV-1,45,0.0
C-Central_PV-1,46,0.0
C-Central_PV-1,47,0.0
C-Central_PV-1,48,0.0
C-Central_PV-1,49,0.0
C-Central_PV-1,50,0.0
C-Central_PV-1,51,0.0
C-Central_PV-1,52,0.0
C-Central_PV-1,53,0.0
C-Central_PV-1,54,0.0
C-Central_PV-1,55,0.0
C-Central_PV-1,56,0.0
C-Central_PV-1,57,0.0
C-Central_PV-1,58,0.0
C-Central_PV-1,59,0.0
C-Central_PV-1,60,0.0
C-Central_PV-1,61,0.0
C-Central_PV-1,62,0.0
C-Central_PV-1,63,0.0
C-Central_PV-1,64,0.0
C-Central_PV-1,65,0.0
C-Central_PV-1,66,0.0
C-Central_PV-1,67,0.0
C-Central_PV-1,68,0.0
C-Central_PV-1,69,0.0
C-Central_PV-1,70,0.0
C-Central_PV-1,71,0.0
C-Central_PV-1,72,0.0
C-Central_PV-1,73,0.0
C-Central_PV-1,74,0.0
C-Central_PV-1,75,0.0
C-Central_PV-1,76,0.0
C-Central_PV-1,77,0.0
C-Central_PV-1,78,0.0
C-Central_PV-1,79,0.0
C-Central_PV-1,80,0.0
C-Central_PV-1,81,0.0
C-Central_PV-1,82,0.0
C-Central_PV-1,83,0.0
C-Central_PV-1,84,0.0
C-Central_PV-1,85,0.0
C-Central_PV-1,86,0.0
C-Central_PV-1,87,0.0
C-Central_PV-1,88,0.0
C-Central_PV-1,89,0.0
C-Central_PV-1,90,0.0
C-Central_PV-1,91,0.0
C-Central_PV-1,92,0.0
C-Central_PV-1,93,0.0
C-Central_PV-1,94,0.0
C-Central_PV-1,95,0.0
C-Central_PV-1,96,0.0
C-Central_PV-2,1,0.0
C-Central_PV-2,2,0.0
C-Central_PV-2,3,0.0
C-Central_PV-2,4,0.0
C-Central_PV-2,5,0.0
C-Central_PV-2,6,0.0
C-Central_PV-2,7,0.0
C-Central_PV-2,8,0.0
C-Central_PV-2,9,0.0
C-Central_PV-2,10,0.0
C-Central_PV-2,11,0.0
C-Central_PV-2,12,0.0
C-Central_PV-2,13,0.0
C-Central_PV-2,14,0.0
C-Central_PV-2,15,0.0
C-Central_PV-2,16,0.0
C-Central_PV-2,17,0.0
C-Central_PV-2,18,0.0
C-Central_PV-2,19,0.0
C-Central_PV-2,20,0.0
C-Central_PV-2,21,0.0
C-Central_PV-2,22,0.0
C-Central_PV-2,23,0.0
C-Central_PV-2,24,0.0
C-Central_PV-2,25,0.0
C-Central_PV-2,26,0.0
C-Central_PV-2,27,0.0
C-Central_PV-2,28,0.0
C-Central_PV-2,29,0.0
C-Central_PV-2,30,0.0
C-Central_PV-2,31,0.0
C-Central_PV-2,32,0.0
C-Central_PV-2,33,0.0
C-Central_PV-2,34,0.0
C-Central_PV-2,35,0.0
C-Central_PV-2,36,0.0
C-Central_PV-2,37,0.0
C-Central_PV-2,38,0.0
C-Central_PV-2,39,0.0
C-Central_PV-2,40,0.0
C-Central_PV-2,41,0.0
C-Central_PV-2,42,0.0
C-Central_PV-2,43,0.0
C-Central_PV-2,44,0.0
C-Central_PV-2,45,0.0
C-Central_PV-2,46,0.0
C-Central_PV-2,47,0.0
C-Central_PV-2,48,0.0
C-Central_PV-2,49,0.0
C-Central_PV-2,50,0.0
C-Central_PV-2,51,0.0
C-Central_PV-2,52,0.0
C-Central_PV-2,53,0.0
C-Central_PV-2,54,0.0
C-Central_PV-2,55,0.0
C-Central_PV-2,56,0.0
C-Central_PV-2,57,0.0
C-Central_PV-2,58,0.0
C-Central_PV-2,59,0.0
C-Central_PV-2,60,0.0
C-Central_PV-2,61,0.0
C-Central_PV-2,62,0.0
C-Central_PV-2,63,0.0
C-Central_PV-2,64,0.0
C-Central_PV-2,65,0.0
C-Central_PV-2,66,0.0
C-Central_PV-2,67,0.0
C-Central_PV-2,68,0.0
C-Central_PV-2,69,0.0
C-Central_PV-2,70,0.0
C-Central_PV-2,71,0.0
C-Central_PV-2,72,0.0
C-Central_PV-2,73,0.0
C-Central_PV-2,74,0.0
C-Central_PV-2,75,0.0
C-Central_PV-2,76,0.0
C-Central_PV-2,77,0.0
C-Central_PV-2,78,0.0
C-Central_PV-2,79,0.0
C-Central_PV-2,80,0.0
C-Central_PV-2,81,0.0
C-Central_PV-2,82,0.0
C-Central_PV-2,83,0.0
C-Central_PV-2,84,0.0
C-Central_PV-2,85,0.0
C-Central_PV-2,86,0.0
C-Central_PV-2,87,0.0
C-Central_PV-2,88,0.0
C-Central_PV-2,89,0.0
C-Central_PV-2,90,0.0
C-Central_PV-2,91,0.0
C-Central_PV-2,92,0.0
C-Central_PV-2,93,0.0
C-Central_PV-2,94,0.0
C-Central_PV-2,95,0.0
C-Central_PV-2,96,0.0
C-Commercial_PV,1,0.0
C-Commercial_PV,2,0.0
C-Commercial_PV,3,0.0
C-Commercial_PV,4,0.0
C-Commercial_PV,5,0.0
C-Commercial_PV,6,0.0
C-Commercial_PV,7,0.0
C-Commercial_PV,8,0.0
C-Commercial_PV,9,0.0
C-Commercial_PV,10,0.0
C-Commercial_PV,11,0.0
C-Commercial_PV,12,0.0
C-Commercial_PV,13,0.0
C-Commercial_PV,14,0.0
C-Commercial_PV,15,0.0
C-Commercial_PV,16,0.0
C-Commercial_PV,17,0.0
C-Commercial_PV,18,0.0
C-Commercial_PV,19,0.0
C-Commercial_PV,20,0.0
C-Commercial_PV,21,0.0
C-Commercial_PV,22,0.0
C-Commercial_PV,23,0.0
C-Commercial_PV,24,0.0
C-Commercial_PV,25,0.0
C-Commercial_PV,26,0.0
C-Commercial_PV,27,0.0
C-Commercial_PV,28,0.0
C-Commercial_PV,29,0.0
C-Commercial_PV,30,0.0
C-Commercial_PV,31,0.0
C-Commercial_PV,32,0.0
C-Commercial_PV,33,0.0
C-Commercial_PV,34,0.0
C-Commercial_PV,35,0.0
C-Commercial_PV,36,0.0
C-Commercial_PV,37,0.0
C-Commercial_PV,38,0.0
C-Commercial_PV,39,0.0
C-Commercial_PV,40,0.0
C-Commercial_PV,41,0.0
C-Commercial_PV,42,0.0
C-Commercial_PV,43,0.0
C-Commercial_PV,44,0.0
C-Commercial_PV,45,0.0
C-Commercial_PV,46,0.0
C-Commercial_PV,47,0.0
C-Commercial_PV,48,0.0
C-Commercial_PV,49,0.0
C-Commercial_PV,50,0.0
C-Commercial_PV,51,0.0
C-Commercial_PV,52,0.0
C-Commercial_PV,53,0.0
C-Commercial_PV,54,0.0
C-Commercial_PV,55,0.0
C-Commercial_PV,56,0.0
C-Commercial_PV,57,0.0
C-Commercial_PV,58,0.0
C-Commercial_PV,59,0.0
C-Commercial_PV,60,0.0
C-Commercial_PV,61,0.0
C-Commercial_PV,62,0.0
C-Commercial_PV,63,0.0
C-Commercial_PV,64,0.0
C-Commercial_PV,65,0.0
C-Commercial_PV,66,0.0
C-Commercial_PV,67,0.0
C-Commercial_PV,68,0.0
C-Commercial_PV,69,0.0
C-Commercial_PV,70,0.0
C-Commercial_PV,71,0.0
C-Commercial_PV,72,0.0
C-Commercial_PV,73,0.0
C-Commercial_PV,74,0.0
C-Commercial_PV,75,0.0
C-Commercial_PV,76,0.0
C-Commercial_PV,77,0.0
C-Commercial_PV,78,0.0
C-Commercial_PV,79,0.0
C-Commercial_PV,80,0.0
C-Commercial_PV,81,0.0
C-Commercial_PV,82,0.0
C-Commercial_PV,83,0.0
C-Commercial_PV,84,0.0
C-Commercial_PV,85,0.0
C-Commercial_PV,86,0.0
C-Commercial_PV,87,0.0
C-Commercial_PV,88,0.0
C-Commercial_PV,89,0.0
C-Commercial_PV,90,0.0
C-Commercial_PV,91,0.0
C-Commercial_PV,92,0.0
C-Commercial_PV,93,0.0
C-Commercial_PV,94,0.0
C-Commercial_PV,95,0.0
C-Commercial_PV,96,0.0
C-Residential_PV,1,0.0
C-Residential_PV,2,0.0
C-Residential_PV,3,0.0
C-Residential_PV,4,0.0
C-Residential_PV,5,0.0
C-Residential_PV,6,0.0
C-Residential_PV,7,0.0
C-Residential_PV,8,0.0
C-Residential_PV,9,0.0
C-Residential_PV,10,0.0
C-Residential_PV,11,0.0
C-Residential_PV,12,0.0
C-Residential_PV,13,0.0
C-Residential_PV,14,0.0
C-Residential_PV,15,0.0
C-Residential_PV,16,0.0
C-Residential_PV,17,0.0
C-Residential_PV,18,0.0
C-Residential_PV,19,0.0
C-Residential_PV,20,0.0
C-Residential_PV,21,0.0
C-Residential_PV,22,0.0
C-Residential_PV,23,0.0
C-Residential_PV,24,0.0
C-Residential_PV,25,0.0
C-Residential_PV,26,0.0
C-Residential_PV,27,0.0
C-Residential_PV,28,0.0
C-Residential_PV,29,0.0
C-Residential_PV,30,0.0
C-Residential_PV,31,0.0
C-Residential_PV,32,0.0
C-Residential_PV,33,0.0
C-Residential_PV,34,0.0
C-Residential_PV,35,0.0
C-Residential_PV,36,0.0
C-Residential_PV,37,0.0
C-Residential_PV,38,0.0
C-Residential_PV,39,0.0
C-Residential_PV,40,0.0
C-Residential_PV,41,0.0
C-Residential_PV,42,0.0
C-Residential_PV,43,0.0
C-Residential_PV,44,0.0
C-Residential_PV,45,0.0
C-Residential_PV,46,0.0
C-Residential_PV,47,0.0
C-Residential_PV,48,0.0
C-Residential_PV,49,0.0
C-Residential_PV,50,0.0
C-Residential_PV,51,0.0
C-Residential_PV,52,0.0
C-Residential_PV,53,0.0
C-Residential_PV,54,0.0
C-Residential_PV,55,0.0
C-Residential_PV,56,0.0
C-Residential_PV,57,0.0
C-Residential_PV,58,0.0
C-Residential_PV,59,0.0
C-Residential_PV,60,0.0
C-Residential_PV,61,0.0
C-Residential_PV,62,0.0
C-Residential_PV,63,0.0
C-Residential_PV,64,0.0
C-Residential_PV,65,0.0
C-Residential_PV,66,0.0
C-Residential_PV,67,0.0
C-Residential_PV,68,0.0
C-Residential_PV,69,0.0
C-Residential_PV,70,0.0
C-Residential_PV,71,0.0
C-Residential_PV,72,0.0
C-Residential_PV,73,0.0
C-Residential_PV,74,0.0
C-Residential_PV,75,0.0
C-Residential_PV,76,0.0
C-Residential_PV,77,0.0
C-Residential_PV,78,0.0
C-Residential_PV,79,0.0
C-Residential_PV,80,0.0
C-Residential_PV,81,0.0
C-Residential_PV,82,0.0
C-Residential_PV,83,0.0
C-Residential_PV,84,0.0
C-Residential_PV,85,0.0
C-Residential_PV,86,0.0
C-Residential_PV,87,0.0
C-Residential_PV,88,0.0
C-Residential_PV,89,0.0
C-Residential_PV,90,0.0
C-Residential_PV,91,0.0
C-Residential_PV,92,0.0
C-Residential_PV,93,0.0
C-Residential_PV,94,0.0
C-Residential_PV,95,0.0
C-Residential_PV,96,0.0
C-Wind-1,1,0.0
C-Wind-1,2,0.0
C-Wind-1,3,0.0
C-Wind-1,4,0.0
C-Wind-1,5,0.0
C-Wind-1,6,0.0
C-Wind-1,7,0.0
C-Wind-1,8,0.0
C-Wind-1,9,0.0
C-Wind-1,10,0.0
C-Wind-1,11,0.0
C-Wind-1,12,0.0
C-Wind-1,13,0.0
C-Wind-1,14,0.0
C-Wind-1,15,0.0
C-Wind-1,16,0.0
C-Wind-1,17,0.0
C-Wind-1,18,0.0
C-Wind-1,19,3.1808
C-Wind-1,20,3.1808
C-Wind-1,21,0.0
C-Wind-1,22,0.0
C-Wind-1,23,0.0
C-Wind-1,24,0.0
C-Wind-1,25,0.0
C-Wind-1,26,0.0
C-Wind-1,27,0.0
C-Wind-1,28,0.0
C-Wind-1,29,0.0
C-Wind-1,30,0.0
C-Wind-1,31,0.0
C-Wind-1,32,0.0
C-Wind-1,33,0.0
C-Wind-1,34,0.0
C-Wind-1,35,0.0
C-Wind-1,36,0.0
C-Wind-1,37,0.0
C-Wind-1,38,0.0
C-Wind-1,39,0.0
C-Wind-1,40,0.0
C-Wind-1,41,0.0
C-Wind-1,42,3.1808
C-Wind-1,43,0.0
C-Wind-1,44,3.1808
C-Wind-1,45,3.1808
C-Wind-1,46,0.0
C-Wind-1,47,0.0
C-Wind-1,48,0.0
C-Wind-1,49,3.1808
C-Wind-1,50,3.1808
C-Wind-1,51,3.1808
C-Wind-1,52,3.1808
C-Wind-1,53,3.1808
C-Wind-1,54,3.1808
C-Wind-1,55,3.1808
C-Wind-1,56,3.1808
C-Wind-1,57,3.1808
C-Wind-1,58,3.1808
C-Wind-1,59,3.1808
C-Wind-1,60,0.0
C-Wind-1,61,0.0
C-Wind-1,62,0.0
C-Wind-1,63,3.1808
C-Wind-1,64,3.1808
C-Wind-1,65,3.1808
C-Wind-1,66,3.1808
C-Wind-1,67,3.1808
C-Wind-1,68,3.1808
C-Wind-1,69,3.1808
C-Wind-1,70,3.1808
C-Wind-1,71,3.1808
C-Wind-1,72,3.1808
C-Wind-1,73,3.1808
C-Wind-1,74,3.1808
C-Wind-1,75,3.1808
C-Wind-1,76,3.1808
C-Wind-1,77,3.1808
C-Wind-1,78,3.1808
C-Wind-1,79,3.1808
C-Wind-1,80,3.1808
C-Wind-1,81,3.1808
C-Wind-1,82,3.1808
C-Wind-1,83,3.1808
C-Wind-1,84,3.1808
C-Wind-1,85,3.1808
C-Wind-1,86,3.1808
C-Wind-1,87,3.1808
C-Wind-1,88,3.1808
C-Wind-1,89,3.1808
C-Wind-1,90,3.1808
C-Wind-1,91,3.1808
C-Wind-1,92,3.1808
C-Wind-1,93,3.1808
C-Wind-1,94,3.1808
C-Wind-1,95,3.1808
C-Wind-1,96,3.1808
C-Wind-2,1,0.0
C-Wind-2,2,0.0
C-Wind-2,3,0.0
C-Wind-2,4,0.0
C-Wind-2,5,0.0
C-Wind-2,6,0.0
C-Wind-2,7,0.0
C-Wind-2,8,0.0
C-Wind-2,9,0.0
C-Wind-2,10,0.0
C-Wind-2,11,0.0
C-Wind-2,12,0.0
C-Wind-2,13,0.0
C-Wind-2,14,0.0
C-Wind-2,15,0.0
C-Wind-2,16,0.0
C-Wind-2,17,0.0
C-Wind-2,18,0.0
C-Wind-2,19,2.56452
C-Wind-2,20,2.56452
C-Wind-2,21,2.56452
C-Wind-2,22,0.0
C-Wind-2,23,0.0
C-Wind-2,24,0.0
C-Wind-2,25,0.0
C-Wind-2,26,0.0
C-Wind-2,27,0.0
C-Wind-2,28,0.0
C-Wind-2,29,0.0
C-Wind-2,30,0.0
C-Wind-2,31,0.0
C-Wind-2,32,0.0
C-Wind-2,33,0.0
C-Wind-2,34,0.0
C-Wind-2,35,0.0
C-Wind-2,36,0.0
C-Wind-2,37,0.0
C-Wind-2,38,0.0
C-Wind-2,39,0.0
C-Wind-2,40,0.0
C-Wind-2,41,0.0
C-Wind-2,42,0.0
C-Wind-2,43,0.0
C-Wind-2,44,2.56452
C-Wind-2,45,2.56452
C-Wind-2,46,0.0
C-Wind-2,47,0.0
C-Wind-2,48,0.0
C-Wind-2,49,2.56452
C-Wind-2,50,2.56452
C-Wind-2,51,2.56452
C-Wind-2,52,2.56452
C-Wind-2,53,2.56452
C-Wind-2,54,2.56452
C-Wind-2,55,2.56452
C-Wind-2,56,2.56452
C-Wind-2,57,2.56452
C-Wind-2,58,2.56452
C-Wind-2,59,2.56452
C-Wind-2,60,2.56452
C-Wind-2,61,2.56452
C-Wind-2,62,2.56452
C-Wind-2,63,2.56452
C-Wind-2,64,2.56452
C-Wind-2,65,2.56452
C-Wind-2,66,2.56452
C-Wind-2,67,2.56452
C-Wind-2,68,2.56452
C-Wind-2,69,2.56452
C-Wind-2,70,2.56452
C-Wind-2,71,2.56452
C-Wind-2,72,2.56452
C-Wind-2,73,2.56452
C-Wind-2,74,2.56452
C-Wind-2,75,2.56452
C-Wind-2,76,2.56452
C-Wind-2,77,2.56452
C-Wind-2,78,2.56452
C-Wind-2,79,2.56452
C-Wind-2,80,2.56452
C-Wind-2,81,2.56452
C-Wind-2,82,2.56452
C-Wind-2,83,2.56452
C-Wind-2,84,2.56452
C-Wind-2,85,2.56452
C-Wind-2,86,2.56452
C-Wind-2,87,2.56452
C-Wind-2,88,2.56452
C-Wind-2,89,2.56452
C-Wind-2,90,2.56452
C-Wind-2,91,2.56452
C-Wind-2,92,2.56452
C-Wind-2,93,2.56452
C-Wind-2,94,2.56452
C-Wind-2,95,2.56452
C-Wind-2,96,2.56452
G106344,1,0.0
G106344,2,0.0
G106344,3,0.0
G106344,4,0.0
G106344,5,0.0
G106344,6,0.0
G106344,7,0.0
G106344,8,0.0
G106344,9,0.0
G106344,10,0.0
G106344,11,0.0
G106344,12,0.0
G106344,13,0.0
G106344,14,0.0
G106344,15,0.0
G106344,16,0.0
G106344,17,0.0
G106344,18,0.0
G106344,19,0.0
G106344,20,0.0
G106344,21,0.0
G106344,22,0.0
G106344,23,0.0
G106344,24,0.0
G106344,25,0.0
G106344,26,0.0
G106344,27,0.0
G106344,28,0.0
G106344,29,0.0
G106344,30,0.0
G106344,31,0.0
G106344,32,0.0
G106344,33,0.0
G106344,34,0.0
G106344,35,0.0
G106344,36,0.0
G106344,37,0.0
G106344,38,0.0
G106344,39,0.0
G106344,40,0.0
G106344,41,0.0
G106344,42,0.0
G106344,43,0.0
G106344,44,0.0
G106344,45,0.0
G106344,46,0.0
G106344,47,0.0
G106344,48,0.0
G106344,49,0.0
G106344,50,0.0
G106344,51,0.0
G106344,52,0.0
G106344,53,0.0
G106344,54,0.0
G106344,55,0.0
G106344,56,0.0
G106344,57,0.0
G106344,58,0.0
G106344,59,0.0
G106344,60,0.0
G106344,61,0.0
G106344,62,0.0
G106344,63,0.0
G106344,64,0.0
G106344,65,0.0
G106344,66,0.0
G106344,67,0.0
G106344,68,0.0
G106344,69,0.0
G106344,70,0.0
G106344,71,0.0
G106344,72,0.0
G106344,73,0.0
G106344,74,0.0
G106344,75,0.0
G106344,76,0.0
G106344,77,0.0
G106344,78,0.0
G106344,79,0.0
G106344,80,0.0
G106344,81,0.0
G106344,82,0.0
G106344,83,0.0
G106344,84,0.0
G106344,85,0.0
G106344,86,0.0
G106344,87,0.0
G106344,88,0.0
G106344,89,0.0
G106344,90,0.0
G106344,91,0.0
G106344,92,0.0
G106344,93,0.0
G106344,94,0.0
G106344,95,0.0
G106344,96,0.0
G106345,1,0.0
G106345,2,0.0
G106345,3,0.0
G106345,4,0.0
G106345,5,0.0
G106345,6,0.0
G106345,7,0.0
G106345,8,0.0
G106345,9,0.0
G106345,10,0.0
G106345,11,0.0
G106345,12,0.0
G106345,13,0.0
G106345,14,0.0
G106345,15,0.0
G106345,16,0.0
G106345,17,0.0
G106345,18,0.0
G106345,19,0.0
G106345,20,0.0
G106345,21,0.0
G106345,22,0.0
G106345,23,0.0
G106345,24,0.0
G106345,25,0.0
G106345,26,0.0
G106345,27,0.0
G106345,28,0.0
G106345,29,0.0
G106345,30,0.0
G106345,31,0.0
G106345,32,0.0
G106345,33,0.0
G106345,34,0.0
G106345,35,0.0
G106345,36,0.0
G106345,37,0.0
G106345,38,0.0
G106345,39,0.0
G106345,40,0.0
G106345,41,0.0
G106345,42,0.0
G106345,43,0.0
G106345,44,0.0
G106345,45,0.0
G106345,46,0.0
G106345,47,0.0
G106345,48,0.0
G106345,49,0.0
G106345,50,0.0
G106345,51,0.0
G106345,52,0.0
G106345,53,0.0
G106345,54,0.0
G106345,55,0.0
G106345,56,0.0
G106345,57,0.0
G106345,58,0.0
G106345,59,0.0
G106345,60,0.0
G106345,61,0.0
G106345,62,0.0
G106345,63,0.0
G106345,64,0.0
G106345,65,0.0
G106345,66,0.0
G106345,67,0.0
G106345,68,0.0
G106345,69,0.0
G106345,70,0.0
G106345,71,0.0
G106345,72,0.0
G106345,73,0.0
G106345,74,0.0
G106345,75,0.0
G106345,76,0.0
G106345,77,0.0
G106345,78,0.0
G106345,79,0.0
G106345,80,0.0
G106345,81,0.0
G106345,82,0.0
G106345,83,0.0
G106345,84,0.0
G106345,85,0.0
G106345,86,0.0
G106345,87,0.0
G106345,88,0.0
G106345,89,0.0
G106345,90,0.0
G106345,91,0.0
G106345,92,0.0
G106345,93,0.0
G106345,94,0.0
G106345,95,0.0
G106345,96,0.0
G106346,1,485.76
G106346,2,485.76
G106346,3,485.76
G106346,4,485.76
G106346,5,485.76
G106346,6,485.76
G106346,7,485.76
G106346,8,485.76
G106346,9,485.76
G106346,10,485.76
G106346,11,485.76
G106346,12,485.76
G106346,13,485.76
G106346,14,485.76
G106346,15,485.76
G106346,16,485.76
G106346,17,485.76
G106346,18,485.76
G106346,19,485.76
G106346,20,485.76
G106346,21,485.76
G106346,22,485.76
G106346,23,485.76
G106346,24,485.76
G106346,25,485.76
G106346,26,485.76
G106346,27,485.76
G106346,28,485.76
G106346,29,485.76
G106346,30,485.76
G106346,31,485.76
G106346,32,485.76
G106346,33,485.76
G106346,34,485.76
G106346,35,485.76
G106346,36,485.76
G106346,37,485.76
G106346,38,485.76
G106346,39,485.76
G106346,40,485.76
G106346,41,485.76
G106346,42,485.76
G106346,43,485.76
G106346,44,485.76
G106346,45,485.76
G106346,46,485.76
G106346,47,485.76
G106346,48,485.76
G106346,49,485.76
G106346,50,485.76
G106346,51,485.76
G106346,52,485.76
G106346,53,485.76
G106346,54,485.76
G106346,55,485.76
G106346,56,485.76
G106346,57,485.76
G106346,58,485.76
G106346,59,485.76
G106346,60,485.76
G106346,61,485.76
G106346,62,485.76
G106346,63,485.76
G106346,64,485.76
G106346,65,485.76
G106346,66,485.76
G106346,67,485.76
G106346,68,485.76
G106346,69,485.76
G106346,70,485.76
G106346,71,485.76
G106346,72,485.76
G106346,73,485.76
G106346,74,485.76
G106346,75,485.76
G106346,76,485.76
G106346,77,485.76
G106346,78,485.76
G106346,79,485.76
G106346,80,485.76
G106346,81,485.76
G106346,82,485.76
G106346,83,485.76
G106346,84,485.76
G106346,85,485.76
G106346,86,485.76
G106346,87,485.76
G106346,88,485.76
G106346,89,485.76
G106346,90,485.76
G106346,91,485.76
G106346,92,485.76
G106346,93,485.76
G106346,94,485.76
G106346,95,485.76
G106346,96,485.76
G106347,1,485.76
G106347,2,485.76
G106347,3,485.76
G106347,4,485.76
G106347,5,485.76
G106347,6,485.76
G106347,7,485.76
G106347,8,485.76
G106347,9,485.76
G106347,10,485.76
G106347,11,485.76
G106347,12,485.76
G106347,13,485.76
G106347,14,485.76
G106347,15,485.76
G106347,16,485.76
G106347,17,485.76
G106347,18,485.76
G106347,19,485.76
G106347,20,485.76
G106347,21,485.76
G106347,22,485.76
G106347,23,485.76
G106347,24,485.76
G106347,25,485.76
G106347,26,485.76
G106347,27,485.76
G106347,28,485.76
G106347,29,485.76
G106347,30,485.76
G106347,31,485.76
G106347,32,485.76
G106347,33,485.76
G106347,34,485.76
G106347,35,485.76
G106347,36,485.76
G106347,37,485.76
G106347,38,485.76
G106347,39,485.76
G106347,40,485.76
G106347,41,485.76
G106347,42,485.76
G106347,43,485.76
G106347,44,485.76
G106347,45,485.76
G106347,46,485.76
G106347,47,485.76
G106347,48,485.76
G106347,49,485.76
G106347,50,485.76
G106347,51,485.76
G106347,52,485.76
G106347,53,485.76
G106347,54,485.76
G106347,55,485.76
G106347,56,485.76
G106347,57,485.76
G106347,58,485.76
G106347,59,485.76
G106347,60,485.76
G106347,61,485.76
G106347,62,485.76
G106347,63,485.76
G106347,64,485.76
G106347,65,485.76
G106347,66,485.76
G106347,67,485.76
G106347,68,485.76
G106347,69,485.76
G106347,70,485.76
G106347,71,485.76
G106347,72,485.76
G106347,73,485.76
G106347,74,485.76
G106347,75,485.76
G106347,76,485.76
G106347,77,485.76
G106347,78,485.76
G106347,79,485.76
G106347,80,485.76
G106347,81,485.76
G106347,82,485.76
G106347,83,485.76
G106347,84,485.76
G106347,85,485.76
G106347,86,485.76
G106347,87,485.76
G106347,88,485.76
G106347,89,485.76
G106347,90,485.76
G106347,91,485.76
G106347,92,485.76
G106347,93,485.76
G106347,94,485.76
G106347,95,485.76
G106347,96,485.76
G106348,1,5.77951204561875
G106348,2,5.77951204561875
G106348,3,5.77951204561875
G106348,4,5.77951204561875
G106348,5,5.77951204561875
G106348,6,5.77951204561875
G106348,7,5.77951204561875
G106348,8,5.77951204561875
G106348,9,5.77951204561875
G106348,10,5.77951204561875
G106348,11,5.77951204561875
G106348,12,5.77951204561875
G106348,13,5.77951204561875
G106348,14,5.77951204561875
G106348,15,5.77951204561875
G106348,16,5.77951204561875
G106348,17,5.77951204561875
G106348,18,5.77951204561875
G106348,19,5.77951204561875
G106348,20,5.77951204561875
G106348,21,5.77951204561875
G106348,22,5.77951204561875
G106348,23,5.77951204561875
G106348,24,5.77951204561875
G106348,25,5.77951204561875
G106348,26,5.77951204561875
G106348,27,5.77951204561875
G106348,28,5.77951204561875
G106348,29,5.77951204561875
G106348,30,5.77951204561875
G106348,31,5.77951204561875
G106348,32,5.77951204561875
G106348,33,5.77951204561875
G106348,34,5.77951204561875
G106348,35,5.77951204561875
G106348,36,5.77951204561875
G106348,37,5.77951204561875
G106348,38,5.77951204561875
G106348,39,5.77951204561875
G106348,40,5.77951204561875
G106348,41,5.77951204561875
G106348,42,5.77951204561875
G106348,43,5.77951204561875
G106348,44,5.77951204561875
G106348,45,5.77951204561875
G106348,46,5.77951204561875
G106348,47,5.77951204561875
G106348,48,5.77951204561875
G106348,49,5.77951204561875
G106348,50,5.77951204561875
G106348,51,5.77951204561875
G106348,52,5.77951204561875
G106348,53,5.77951204561875
G106348,54,5.77951204561875
G106348,55,5.77951204561875
G106348,56,5.77951204561875
G106348,57,5.77951204561875
G106348,58,5.77951204561875
G106348,59,5.77951204561875
G106348,60,5.77951204561875
G106348,61,5.77951204561875
G106348,62,5.77951204561875
G106348,63,5.77951204561875
G106348,64,5.77951204561875
G106348,65,5.77951204561875
G106348,66,5.77951204561875
G106348,67,5.77951204561875
G106348,68,5.77951204561875
G106348,69,5.77951204561875
G106348,70,5.77951204561875
G106348,71,5.77951204561875
G106348,72,5.77951204561875
G106348,73,5.779512045618919
G106348,74,5.779512045618919
G106348,75,5.779512045618919
G106348,76,5.779512045618919
G106348,77,5.779512045618919
G106348,78,5.779512045618919
G106348,79,5.779512045618919
G106348,80,5.779512045618919
G106348,81,5.779512045618919
G106348,82,5.779512045618919
G106348,83,5.779512045618919
G106348,84,5.779512045618919
G106348,85,5.779512045618919
G106348,86,5.779512045618919
G106348,87,5.779512045618919
G106348,88,5.779512045618919
G106348,89,5.779512045618919
G106348,90,5.779512045618919
G106348,91,5.779512045618919
G106348,92,5.779512045618919
G106348,93,5.779512045618919
G106348,94,5.779512045618919
G106348,95,5.779512045618919
G106348,96,5.779512045618919
G106349,1,242.88
G106349,2,242.88
G106349,3,242.88
G106349,4,242.88
G106349,5,242.88
G106349,6,242.88
G106349,7,242.88
G106349,8,242.88
G106349,9,242.88
G106349,10,242.88
G106349,11,242.88
G106349,12,242.88
G106349,13,242.88
G106349,14,242.88
G106349,15,242.88
G106349,16,242.88
G106349,17,242.88
G106349,18,242.88
G106349,19,242.88
G106349,20,242.88
G106349,21,242.88
G106349,22,242.88
G106349,23,242.88
G106349,24,242.88
G106349,25,242.88
G106349,26,242.88
G106349,27,242.88
G106349,28,242.88
G106349,29,242.88
G106349,30,242.88
G106349,31,242.88
G106349,32,242.88
G106349,33,242.88
G106349,34,242.88
G106349,35,242.88
G106349,36,242.88
G106349,37,242.88
G106349,38,242.88
G106349,39,242.88
G106349,40,242.88
G106349,41,242.88
G106349,42,242.88
G106349,43,242.88
G106349,44,242.88
G106349,45,242.88
G106349,46,242.88
G106349,47,242.88
G106349,48,242.88
G106349,49,242.88
G106349,50,242.88
G106349,51,242.88
G106349,52,242.88
G106349,53,242.88
G106349,54,242.88
G106349,55,242.88
G106349,56,242.88
G106349,57,242.88
G106349,58,242.88
G106349,59,242.88
G106349,60,242.88
G106349,61,242.88
G106349,62,242.88
G106349,63,242.88
G106349,64,242.88
G106349,65,242.88
G106349,66,242.88
G106349,67,242.88
G106349,68,242.88
G106349,69,242.88
G106349,70,242.88
G106349,71,242.88
G106349,72,242.88
G106349,73,242.88
G106349,74,242.88
G106349,75,242.88
G106349,76,242.88
G106349,77,242.88
G106349,78,242.88
G106349,79,242.88
G106349,80,242.88
G106349,81,242.88
G106349,82,242.88
G106349,83,242.88
G106349,84,242.88
G106349,85,242.88
G106349,86,242.88
G106349,87,242.88
G106349,88,242.88
G106349,89,242.88
G106349,90,242.88
G106349,91,242.88
G106349,92,242.88
G106349,93,242.88
G106349,94,242.88
G106349,95,242.88
G106349,96,242.88
G106470,1,283.36
G106470,2,283.36
G106470,3,283.36
G106470,4,283.36
G106470,5,283.36
G106470,6,283.36
G106470,7,283.36
G106470,8,283.36
G106470,9,283.36
G106470,10,283.36
G106470,11,283.36
G106470,12,283.36
G106470,13,283.36
G106470,14,283.36
G106470,15,283.36
G106470,16,283.36
G106470,17,283.36
G106470,18,283.36
G106470,19,283.36
G106470,20,283.36
G106470,21,283.36
G106470,22,283.36
G106470,23,283.36
G106470,24,283.36
G106470,25,283.36
G106470,26,283.36
G106470,27,283.36
G106470,28,283.36
G106470,29,283.36
G106470,30,283.36
G106470,31,283.36
G106470,32,283.36
G106470,33,283.36
G106470,34,283.36
G106470,35,283.36
G106470,36,283.36
G106470,37,283.36
G106470,38,283.36
G106470,39,283.36
G106470,40,283.36
G106470,41,283.36
G106470,42,283.36
G106470,43,283.36
G106470,44,283.36
G106470,45,283.36
G106470,46,283.36
G106470,47,283.36
G106470,48,283.36
G106470,49,283.36
G106470,50,283.36
G106470,51,283.36
G106470,52,283.36
G106470,53,283.36
G106470,54,283.36
G106470,55,283.36
G106470,56,283.36
G106470,57,283.36
G106470,58,283.36
G106470,59,283.36
G106470,60,283.36
G106470,61,283.36
G106470,62,283.36
G106470,63,283.36
G106470,64,283.36
G106470,65,283.36
G106470,66,283.36
G106470,67,283.36
G106470,68,283.36
G106470,69,283.36
G106470,70,283.36
G106470,71,283.36
G106470,72,283.36
G106470,73,283.36
G106470,74,283.36
G106470,75,283.36
G106470,76,283.36
G106470,77,283.36
G106470,78,283.36
G106470,79,283.36
G106470,80,283.36
G106470,81,283.36
G106470,82,283.36
G106470,83,283.36
G106470,84,283.36
G106470,85,283.36
G106470,86,283.36
G106470,87,283.36
G106470,88,283.36
G106470,89,283.36
G106470,90,283.36
G106470,91,283.36
G106470,92,283.36
G106470,93,283.36
G106470,94,283.36
G106470,95,283.36
G106470,96,283.36
G106471,1,283.36
G106471,2,283.36
G106471,3,283.36
G106471,4,283.36
G106471,5,283.36
G106471,6,283.36
G106471,7,283.36
G106471,8,283.36
G106471,9,283.36
G106471,10,283.36
G106471,11,283.36
G106471,12,283.36
G106471,13,283.36
G106471,14,283.36
G106471,15,283.36
G106471,16,283.36
G106471,17,283.36
G106471,18,283.36
G106471,19,283.36
G106471,20,283.36
G106471,21,283.36
G106471,22,283.36
G106471,23,283.36
G106471,24,283.36
G106471,25,283.36
G106471,26,283.36
G106471,27,283.36
G106471,28,283.36
G106471,29,283.36
G106471,30,283.36
G106471,31,283.36
G106471,32,283.36
G106471,33,283.36
G106471,34,283.36
G106471,35,283.36
G106471,36,283.36
G106471,37,283.36
G106471,38,283.36
G106471,39,283.36
G106471,40,283.36
G106471,41,283.36
G106471,42,283.36
G106471,43,283.36
G106471,44,283.36
G106471,45,283.36
G106471,46,283.36
G106471,47,283.36
G106471,48,283.36
G106471,49,283.36
G106471,50,283.36
G106471,51,283.36
G106471,52,283.36
G106471,53,283.36
G106471,54,283.36
G106471,55,283.36
G106471,56,283.36
G106471,57,283.36
G106471,58,283.36
G106471,59,283.36
G106471,60,283.36
G106471,61,283.36
G106471,62,283.36
G106471,63,283.36
G106471,64,283.36
G106471,65,283.36
G106471,66,283.36
G106471,67,283.36
G106471,68,283.36
G106471,69,283.36
G106471,70,283.36
G106471,71,283.36
G106471,72,283.36
G106471,73,283.36
G106471,74,283.36
G106471,75,283.36
G106471,76,283.36
G106471,77,283.36
G106471,78,283.36
G106471,79,283.36
G106471,80,283.36
G106471,81,283.36
G106471,82,283.36
G106471,83,283.36
G106471,84,283.36
G106471,85,283.36
G106471,86,283.36
G106471,87,283.36
G106471,88,283.36
G106471,89,283.36
G106471,90,283.36
G106471,91,283.36
G106471,92,283.36
G106471,93,283.36
G106471,94,283.36
G106471,95,283.36
G106471,96,283.36
G109041,1,242.88
G109041,2,242.88
G109041,3,242.88
G109041,4,242.88
G109041,5,242.88
G109041,6,242.88
G109041,7,242.88
G109041,8,242.88
G109041,9,242.88
G109041,10,242.88
G109041,11,242.88
G109041,12,242.88
G109041,13,242.88
G109041,14,242.88
G109041,15,242.88
G109041,16,242.88
G109041,17,242.88
G109041,18,242.88
G109041,19,242.88
G109041,20,242.88
G109041,21,242.88
G109041,22,242.88
G109041,23,242.88
G109041,24,242.88
G109041,25,242.88
G109041,26,242.88
G109041,27,242.88
G109041,28,242.88
G109041,29,242.88
G109041,30,242.88
G109041,31,242.88
G109041,32,242.88
G109041,33,242.88
G109041,34,242.88
G109041,35,242.88
G109041,36,242.88
G109041,37,242.88
G109041,38,242.88
G109041,39,242.88
G109041,40,242.88
G109041,41,242.88
G109041,42,242.88
G109041,43,242.88
G109041,44,242.88
G109041,45,242.88
G109041,46,242.88
G109041,47,242.88
G109041,48,242.88
G109041,49,242.88
G109041,50,242.88
G109041,51,242.88
G109041,52,242.88
G109041,53,242.88
G109041,54,242.88
G109041,55,242.88
G109041,56,242.88
G109041,57,242.88
G109041,58,242.88
G109041,59,242.88
G109041,60,242.88
G109041,61,242.88
G109041,62,242.88
G109041,63,242.88
G109041,64,242.88
G109041,65,242.88
G109041,66,242.88
G109041,67,242.88
G109041,68,242.88
G109041,69,242.88
G109041,70,242.88
G109041,71,242.88
G109041,72,242.88
G109041,73,242.88
G109041,74,242.88
G109041,75,242.88
G109041,76,242.88
G109041,77,242.88
G109041,78,242.88
G109041,79,242.88
G109041,80,242.88
G109041,81,242.88
G109041,82,242.88
G109041,83,242.88
G109041,84,242.88
G109041,85,242.88
G109041,86,242.88
G109041,87,242.88
G109041,88,242.88
G109041,89,242.88
G109041,90,242.88
G109041,91,242.88
G109041,92,242.88
G109041,93,242.88
G109041,94,242.88
G109041,95,242.88
G109041,96,242.88
G109042,1,242.88
G109042,2,242.88
G109042,3,242.88
G109042,4,242.88
G109042,5,242.88
G109042,6,242.88
G109042,7,242.88
G109042,8,242.88
G109042,9,242.88
G109042,10,242.88
G109042,11,242.88
G109042,12,242.88
G109042,13,242.88
G109042,14,242.88
G109042,15,242.88
G109042,16,242.88
G109042,17,242.88
G109042,18,242.88
G109042,19,242.88
G109042,20,242.88
G109042,21,242.88
G109042,22,242.88
G109042,23,242.88
G109042,24,242.88
G109042,25,242.88
G109042,26,242.88
G109042,27,242.88
G109042,28,242.88
G109042,29,242.88
G109042,30,242.88
G109042,31,242.88
G109042,32,242.88
G109042,33,242.88
G109042,34,242.88
G109042,35,242.88
G109042,36,242.88
G109042,37,242.88
G109042,38,242.88
G109042,39,242.88
G109042,40,242.88
G109042,41,242.88
G109042,42,242.88
G109042,43,242.88
G109042,44,242.88
G109042,45,242.88
G109042,46,242.88
G109042,47,242.88
G109042,48,242.88
G109042,49,242.88
G109042,50,242.88
G109042,51,242.88
G109042,52,242.88
G109042,53,242.88
G109042,54,242.88
G109042,55,242.88
G109042,56,242.88
G109042,57,242.88
G109042,58,242.88
G109042,59,242.88
G109042,60,242.88
G109042,61,242.88
G109042,62,242.88
G109042,63,242.88
G109042,64,242.88
G109042,65,242.88
G109042,66,242.88
G109042,67,242.88
G109042,68,242.88
G109042,69,242.88
G109042,70,242.88
G109042,71,242.88
G109042,72,242.88
G109042,73,242.88
G109042,74,242.88
G109042,75,242.88
G109042,76,242.88
G109042,77,242.88
G109042,78,242.88
G109042,79,242.88
G109042,80,242.88
G109042,81,242.88
G109042,82,242.88
G109042,83,242.88
G109042,84,242.88
G109042,85,242.88
G109042,86,242.88
G109042,87,242.88
G109042,88,242.88
G109042,89,242.88
G109042,90,242.88
G109042,91,242.88
G109042,92,242.88
G109042,93,242.88
G109042,94,242.88
G109042,95,242.88
G109042,96,242.88
G111092,25,0.0
G111092,26,0.0
G111092,27,0.0
G111092,28,0.0
G111092,29,0.0
G111092,30,0.0
G111092,31,0.0
G111092,32,0.0
G111092,33,0.0
G111092,34,0.0
G111092,35,0.0
G111092,36,0.0
G111092,37,0.0
G111092,38,0.0
G111092,39,0.0
G111092,40,0.0
G111092,41,0.0
G111092,42,0.0
G111092,43,0.0
G111092,44,0.0
G111092,45,0.0
G111092,46,0.0
G111092,47,0.0
G111092,48,0.0
G111092,49,0.0
G111092,50,0.0
G111092,51,0.0
G111092,52,0.0
G111092,53,0.0
G111092,54,0.0
G111092,55,0.0
G111092,56,0.0
G111092,57,0.0
G111092,58,0.0
G111092,59,0.0
G111092,60,0.0
G111092,61,0.0
G111092,62,0.0
G111092,63,0.0
G111092,64,0.0
G111092,65,0.0
G111092,66,0.0
G111092,67,0.0
G111092,68,0.0
G111092,69,0.0
G111092,70,0.0
G111092,71,0.0
G111092,72,0.0
G111092,73,0.0
G111092,74,0.0
G111092,75,0.0
G111092,76,0.0
G111092,77,0.0
G111092,78,0.0
G111092,79,0.0
G111092,80,0.0
G111092,81,0.0
G111092,82,0.0
G111092,83,0.0
G111092,84,0.0
G111092,85,0.0
G111092,86,0.0
G111092,87,0.0
G111092,88,0.0
G111092,89,0.0
G111092,90,0.0
G111092,91,0.0
G111092,92,0.0
G111092,93,0.0
G111092,94,0.0
G111092,95,0.0
G111092,96,0.0
G111093,25,0.0
G111093,26,0.0
G111093,27,0.0
G111093,28,0.0
G111093,29,0.0
G111093,30,0.0
G111093,31,0.0
G111093,32,0.0
G111093,33,0.0
G111093,34,0.0
G111093,35,0.0
G111093,36,0.0
G111093,37,0.0
G111093,38,0.0
G111093,39,0.0
G111093,40,0.0
G111093,41,0.0
G111093,42,0.0
G111093,43,0.0
G111093,44,0.0
G111093,45,0.0
G111093,46,0.0
G111093,47,0.0
G111093,48,0.0
G111093,49,0.0
G111093,50,0.0
G111093,51,0.0
G111093,52,0.0
G111093,53,0.0
G111093,54,0.0
G111093,55,0.0
G111093,56,0.0
G111093,57,0.0
G111093,58,0.0
G111093,59,0.0
G111093,60,0.0
G111093,61,0.0
G111093,62,0.0
G111093,63,0.0
G111093,64,0.0
G111093,65,0.0
G111093,66,0.0
G111093,67,0.0
G111093,68,0.0
G111093,69,0.0
G111093,70,0.0
G111093,71,0.0
G111093,72,0.0
G111093,73,0.0
G111093,74,0.0
G111093,75,0.0
G111093,76,0.0
G111093,77,0.0
G111093,78,0.0
G111093,79,0.0
G111093,80,0.0
G111093,81,0.0
G111093,82,0.0
G111093,83,0.0
G111093,84,0.0
G111093,85,0.0
G111093,86,0.0
G111093,87,0.0
G111093,88,0.0
G111093,89,0.0
G111093,90,0.0
G111093,91,0.0
G111093,92,0.0
G111093,93,0.0
G111093,94,0.0
G111093,95,0.0
G111093,96,0.0
G112778,1,0.0
G112778,2,0.0
G112778,3,0.0
G112778,4,0.0
G112778,5,0.0
G112778,6,0.0
G112778,7,0.0
G112778,8,0.0
G112778,9,0.0
G112778,10,0.0
G112778,11,0.0
G112778,12,0.0
G112778,13,0.0
G112778,14,0.0
G112778,15,0.0
G112778,16,0.0
G112778,17,0.0
G112778,18,0.0
G112778,19,0.0
G112778,20,0.0
G112778,21,0.0
G112778,22,0.0
G112778,23,0.0
G112778,24,0.0
G112778,25,0.0
G112778,26,0.0
G112778,27,0.0
G112778,28,0.0
G112778,29,0.0
G112778,30,0.0
G112778,31,0.0
G112778,32,0.0
G112778,33,0.0
G112778,34,0.0
G112778,35,0.0
G112778,36,0.0
G112778,37,0.0
G112778,38,0.0
G112778,39,0.0
G112778,40,0.0
G112778,41,0.0
G112778,42,0.0
G112778,43,0.0
G112778,44,0.0
G112778,45,0.0
G112778,46,0.0
G112778,47,0.0
G112778,48,0.0
G112778,49,0.0
G112778,50,0.0
G112778,51,0.0
G112778,52,0.0
G112778,53,0.0
G112778,54,0.0
G112778,55,0.0
G112778,56,0.0
G112778,57,0.0
G112778,58,0.0
G112778,59,0.0
G112778,60,0.0
G112778,61,0.0
G112778,62,0.0
G112778,63,0.0
G112778,64,0.0
G112778,65,0.0
G112778,66,0.0
G112778,67,0.0
G112778,68,0.0
G112778,69,0.0
G112778,70,0.0
G112778,71,0.0
G112778,72,0.0
G112778,73,0.0
G112778,74,0.0
G112778,75,0.0
G112778,76,0.0
G112778,77,0.0
G112778,78,0.0
G112778,79,0.0
G112778,80,0.0
G112778,81,0.0
G112778,82,0.0
G112778,83,0.0
G112778,84,0.0
G112778,85,0.0
G112778,86,0.0
G112778,87,0.0
G112778,88,0.0
G112778,89,0.0
G112778,90,0.0
G112778,91,0.0
G112778,92,0.0
G112778,93,0.0
G112778,94,0.0
G112778,95,0.0
G112778,96,0.0
G112779,1,0.0
G112779,2,0.0
G112779,3,0.0
G112779,4,0.0
G112779,5,0.0
G112779,6,0.0
G112779,7,0.0
G112779,8,0.0
G112779,9,0.0
G112779,10,0.0
G112779,11,0.0
G112779,12,0.0
G112779,13,0.0
G112779,14,0.0
G112779,15,0.0
G112779,16,0.0
G112779,17,0.0
G112779,18,0.0
G112779,19,0.0
G112779,20,0.0
G112779,21,0.0
G112779,22,0.0
G112779,23,0.0
G112779,24,0.0
G112779,25,0.0
G112779,26,0.0
G112779,27,0.0
G112779,28,0.0
G112779,29,0.0
G112779,30,0.0
G112779,31,0.0
G112779,32,0.0
G112779,33,0.0
G112779,34,0.0
G112779,35,0.0
G112779,36,0.0
G112779,37,0.0
G112779,38,0.0
G112779,39,0.0
G112779,40,0.0
G112779,41,0.0
G112779,42,0.0
G112779,43,0.0
G112779,44,0.0
G112779,45,0.0
G112779,46,0.0
G112779,47,0.0
G112779,48,0.0
G112779,49,0.0
G112779,50,0.0
G112779,51,0.0
G112779,52,0.0
G112779,53,0.0
G112779,54,0.0
G112779,55,0.0
G112779,56,0.0
G112779,57,0.0
G112779,58,0.0
G112779,59,0.0
G112779,60,0.0
G112779,61,0.0
G112779,62,0.0
G112779,63,0.0
G112779,64,0.0
G112779,65,0.0
G112779,66,0.0
G112779,67,0.0
G112779,68,0.0
G112779,69,0.0
G112779,70,0.0
G112779,71,0.0
G112779,72,0.0
G112779,73,0.0
G112779,74,0.0
G112779,75,0.0
G112779,76,0.0
G112779,77,0.0
G112779,78,0.0
G112779,79,0.0
G112779,80,0.0
G112779,81,0.0
G112779,82,0.0
G112779,83,0.0
G112779,84,0.0
G112779,85,0.0
G112779,86,0.0
G112779,87,0.0
G112779,88,0.0
G112779,89,0.0
G112779,90,0.0
G112779,91,0.0
G112779,92,0.0
G112779,93,0.0
G112779,94,0.0
G112779,95,0.0
G112779,96,0.0
G114088,1,0.0
G114088,2,0.0
G114088,3,0.0
G114088,4,0.0
G114088,5,0.0
G114088,6,0.0
G114088,7,0.0
G114088,8,0.0
G114088,9,0.0
G114088,10,0.0
G114088,11,0.0
G114088,12,0.0
G114088,13,0.0
G114088,14,0.0
G114088,15,0.0
G114088,16,0.0
G114088,17,0.0
G114088,18,0.0
G114088,19,0.0
G114088,20,0.0
G114088,21,0.0
G114088,22,0.0
G114088,23,0.0
G114088,24,0.0
G114088,25,0.0
G114088,26,0.0
G114088,27,0.0
G114088,28,0.0
G114088,29,0.0
G114088,30,0.0
G114088,31,0.0
G114088,32,0.0
G114088,33,0.0
G114088,34,0.0
G114088,35,0.0
G114088,36,0.0
G114088,37,0.0
G114088,38,0.0
G114088,39,0.0
G114088,40,0.0
G114088,41,0.0
G114088,42,0.0
G114088,43,0.0
G114088,44,0.0
G114088,45,0.0
G114088,46,0.0
G114088,47,0.0
G114088,48,0.0
G114088,49,2.9666426088969524e-13
G114088,50,2.9666426088969524e-13
G114088,51,2.9666426088969524e-13
G114088,52,2.9666426088969524e-13
G114088,53,2.9666426088969524e-13
G114088,54,2.9666426088969524e-13
G114088,55,2.9666426088969524e-13
G114088,56,2.9666426088969524e-13
G114088,57,2.9666426088969524e-13
G114088,58,2.9666426088969524e-13
G114088,59,2.9666426088969524e-13
G114088,60,2.9666426088969524e-13
G114088,61,2.9666426088969524e-13
G114088,62,2.9666426088969524e-13
G114088,63,2.9666426088969524e-13
G114088,64,2.9666426088969524e-13
G114088,65,2.9666426088969524e-13
G114088,66,2.9666426088969524e-13
G114088,67,2.9666426088969524e-13
G114088,68,2.9666426088969524e-13
G114088,69,2.9666426088969524e-13
G114088,70,2.9666426088969524e-13
G114088,71,2.9666426088969524e-13
G114088,72,2.9666426088969524e-13
G114088,73,0.0
G114088,74,0.0
G114088,75,0.0
G114088,76,0.0
G114088,77,0.0
G114088,78,0.0
G114088,79,0.0
G114088,80,0.0
G114088,81,0.0
G114088,82,0.0
G114088,83,0.0
G114088,84,0.0
G114088,85,0.0
G114088,86,0.0
G114088,87,0.0
G114088,88,0.0
G114088,89,0.0
G114088,90,0.0
G114088,91,0.0
G114088,92,0.0
G114088,93,0.0
G114088,94,0.0
G114088,95,0.0
G114088,96,0.0
G114089,1,0.0
G114089,2,0.0
G114089,3,0.0
G114089,4,0.0
G114089,5,0.0
G114089,6,0.0
G114089,7,0.0
G114089,8,0.0
G114089,9,0.0
G114089,10,0.0
G114089,11,0.0
G114089,12,0.0
G114089,13,0.0
G114089,14,0.0
G114089,15,0.0
G114089,16,0.0
G114089,17,0.0
G114089,18,0.0
G114089,19,0.0
G114089,20,0.0
G114089,21,0.0
G114089,22,0.0
G114089,23,0.0
G114089,24,0.0
G114089,25,0.0
G114089,26,0.0
G114089,27,0.0
G114089,28,0.0
G114089,29,0.0
G114089,30,0.0
G114089,31,0.0
G114089,32,0.0
G114089,33,0.0
G114089,34,0.0
G114089,35,0.0
G114089,36,0.0
G114089,37,0.0
G114089,38,0.0
G114089,39,0.0
G114089,40,0.0
G114089,41,0.0
G114089,42,0.0
G114089,43,0.0
G114089,44,0.0
G114089,45,0.0
G114089,46,0.0
G114089,47,0.0
G114089,48,0.0
G114089,49,0.0
G114089,50,0.0
G114089,51,0.0
G114089,52,0.0
G114089,53,0.0
G114089,54,0.0
G114089,55,0.0
G114089,56,0.0
G114089,57,0.0
G114089,58,0.0
G114089,59,0.0
G114089,60,0.0
G114089,61,0.0
G114089,62,0.0
G114089,63,0.0
G114089,64,0.0
G114089,65,0.0
G114089,66,0.0
G114089,67,0.0
G114089,68,0.0
G114089,69,0.0
G114089,70,0.0
G114089,71,0.0
G114089,72,0.0
G114089,73,0.0
G114089,74,0.0
G114089,75,0.0
G114089,76,0.0
G114089,77,0.0
G114089,78,0.0
G114089,79,0.0
G114089,80,0.0
G114089,81,0.0
G114089,82,0.0
G114089,83,0.0
G114089,84,0.0
G114089,85,0.0
G114089,86,0.0
G114089,87,0.0
G114089,88,0.0
G114089,89,0.0
G114089,90,0.0
G114089,91,0.0
G114089,92,0.0
G114089,93,0.0
G114089,94,0.0
G114089,95,0.0
G114089,96,0.0
G114090,1,0.0
G114090,2,0.0
G114090,3,0.0
G114090,4,0.0
G114090,5,0.0
G114090,6,0.0
G114090,7,0.0
G114090,8,0.0
G114090,9,0.0
G114090,10,0.0
G114090,11,0.0
G114090,12,0.0
G114090,13,0.0
G114090,14,0.0
G114090,15,0.0
G114090,16,0.0
G114090,17,0.0
G114090,18,0.0
G114090,19,0.0
G114090,20,0.0
G114090,21,0.0
G114090,22,0.0
G114090,23,0.0
G114090,24,0.0
G114090,25,0.0
G114090,26,0.0
G114090,27,0.0
G114090,28,0.0
G114090,29,0.0
G114090,30,0.0
G114090,31,0.0
G114090,32,0.0
G114090,33,0.0
G114090,34,0.0
G114090,35,0.0
G114090,36,0.0
G114090,37,0.0
G114090,38,0.0
G114090,39,0.0
G114090,40,0.0
G114090,41,0.0
G114090,42,0.0
G114090,43,0.0
G114090,44,0.0
G114090,45,0.0
G114090,46,0.0
G114090,47,0.0
G114090,48,0.0
G114090,49,0.0
G114090,50,0.0
G114090,51,0.0
G114090,52,0.0
G114090,53,0.0
G114090,54,0.0
G114090,55,0.0
G114090,56,0.0
G114090,57,0.0
G114090,58,0.0
G114090,59,0.0
G114090,60,0.0
G114090,61,0.0
G114090,62,0.0
G114090,63,0.0
G114090,64,0.0
G114090,65,0.0
G114090,66,0.0
G114090,67,0.0
G114090,68,0.0
G114090,69,0.0
G114090,70,0.0
G114090,71,0.0
G114090,72,0.0
G114090,73,0.0
G114090,74,0.0
G114090,75,0.0
G114090,76,0.0
G114090,77,0.0
G114090,78,0.0
G114090,79,0.0
G114090,80,0.0
G114090,81,0.0
G114090,82,0.0
G114090,83,0.0
G114090,84,0.0
G114090,85,0.0
G114090,86,0.0
G114090,87,0.0
G114090,88,0.0
G114090,89,0.0
G114090,90,0.0
G114090,91,0.0
G114090,92,0.0
G114090,93,0.0
G114090,94,0.0
G114090,95,0.0
G114090,96,0.0
N-Central_PV-1,1,0.0
N-Central_PV-1,2,0.0
N-Central_PV-1,3,0.0
N-Central_PV-1,4,0.0
N-Central_PV-1,5,0.0
N-Central_PV-1,6,0.0
N-Central_PV-1,7,0.0
N-Central_PV-1,8,0.0
N-Central_PV-1,9,0.0
N-Central_PV-1,10,0.0
N-Central_PV-1,11,0.0
N-Central_PV-1,12,0.0
N-Central_PV-1,13,0.0
N-Central_PV-1,14,0.0
N-Central_PV-1,15,0.0
N-Central_PV-1,16,0.0
N-Central_PV-1,17,0.0
N-Central_PV-1,18,0.0
N-Central_PV-1,19,0.0
N-Central_PV-1,20,0.0
N-Central_PV-1,21,0.0
N-Central_PV-1,22,0.0
N-Central_PV-1,23,0.0
N-Central_PV-1,24,0.0
N-Central_PV-1,25,0.0
N-Central_PV-1,26,0.0
N-Central_PV-1,27,0.0
N-Central_PV-1,28,0.0
N-Central_PV-1,29,0.0
N-Central_PV-1,30,0.0
N-Central_PV-1,31,0.0
N-Central_PV-1,32,0.0
N-Central_PV-1,33,0.0
N-Central_PV-1,34,0.0
N-Central_PV-1,35,0.0
N-Central_PV-1,36,0.0
N-Central_PV-1,37,0.0
N-Central_PV-1,38,0.0
N-Central_PV-1,39,0.0
N-Central_PV-1,40,0.0
N-Central_PV-1,41,0.0
N-Central_PV-1,42,0.0
N-Central_PV-1,43,0.0
N-Central_PV-1,44,0.0
N-Central_PV-1,45,0.0
N-Central_PV-1,46,0.0
N-Central_PV-1,47,0.0
N-Central_PV-1,48,0.0
N-Central_PV-1,49,0.0
N-Central_PV-1,50,0.0
N-Central_PV-1,51,0.0
N-Central_PV-1,52,0.0
N-Central_PV-1,53,0.0
N-Central_PV-1,54,0.0
N-Central_PV-1,55,0.0
N-Central_PV-1,56,0.0
N-Central_PV-1,57,0.0
N-Central_PV-1,58,0.0
N-Central_PV-1,59,0.0
N-Central_PV-1,60,0.0
N-Central_PV-1,61,0.0
N-Central_PV-1,62,0.0
N-Central_PV-1,63,0.0
N-Central_PV-1,64,0.0
N-Central_PV-1,65,0.0
N-Central_PV-1,66,0.0
N-Central_PV-1,67,0.0
N-Central_PV-1,68,0.0
N-Central_PV-1,69,0.0
N-Central_PV-1,70,0.0
N-Central_PV-1,71,0.0
N-Central_PV-1,72,0.0
N-Central_PV-1,73,0.0
N-Central_PV-1,74,0.0
N-Central_PV-1,75,0.0
N-Central_PV-1,76,0.0
N-Central_PV-1,77,0.0
N-Central_PV-1,78,0.0
N-Central_PV-1,79,0.0
N-Central_PV-1,80,0.0
N-Central_PV-1,81,0.0
N-Central_PV-1,82,0.0
N-Central_PV-1,83,0.0
N-Central_PV-1,84,0.0
N-Central_PV-1,85,0.0
N-Central_PV-1,86,0.0
N-Central_PV-1,87,0.0
N-Central_PV-1,88,0.0
N-Central_PV-1,89,0.0
N-Central_PV-1,90,0.0
N-Central_PV-1,91,0.0
N-Central_PV-1,92,0.0
N-Central_PV-1,93,0.0
N-Central_PV-1,94,0.0
N-Central_PV-1,95,0.0
N-Central_PV-1,96,0.0
N-Central_PV-2,1,0.0
N-Central_PV-2,2,0.0
N-Central_PV-2,3,0.0
N-Central_PV-2,4,0.0
N-Central_PV-2,5,0.0
N-Central_PV-2,6,0.0
N-Central_PV-2,7,0.0
N-Central_PV-2,8,0.0
N-Central_PV-2,9,0.0
N-Central_PV-2,10,0.0
N-Central_PV-2,11,0.0
N-Central_PV-2,12,0.0
N-Central_PV-2,13,0.0
N-Central_PV-2,14,0.0
N-Central_PV-2,15,0.0
N-Central_PV-2,16,0.0
N-Central_PV-2,17,0.0
N-Central_PV-2,18,0.0
N-Central_PV-2,19,0.0
N-Central_PV-2,20,0.0
N-Central_PV-2,21,0.0
N-Central_PV-2,22,0.0
N-Central_PV-2,23,0.0
N-Central_PV-2,24,0.0
N-Central_PV-2,25,0.0
N-Central_PV-2,26,0.0
N-Central_PV-2,27,0.0
N-Central_PV-2,28,0.0
N-Central_PV-2,29,0.0
N-Central_PV-2,30,0.0
N-Central_PV-2,31,0.0
N-Central_PV-2,32,0.0
N-Central_PV-2,33,0.0
N-Central_PV-2,34,0.0
N-Central_PV-2,35,0.0
N-Central_PV-2,36,0.0
N-Central_PV-2,37,0.0
N-Central_PV-2,38,0.0
N-Central_PV-2,39,0.0
N-Central_PV-2,40,0.0
N-Central_PV-2,41,0.0
N-Central_PV-2,42,0.0
N-Central_PV-2,43,0.0
N-Central_PV-2,44,0.0
N-Central_PV-2,45,0.0
N-Central_PV-2,46,0.0
N-Central_PV-2,47,0.0
N-Central_PV-2,48,0.0
N-Central_PV-2,49,0.0
N-Central_PV-2,50,0.0
N-Central_PV-2,51,0.0
N-Central_PV-2,52,0.0
N-Central_PV-2,53,0.0
N-Central_PV-2,54,0.0
N-Central_PV-2,55,0.0
N-Central_PV-2,56,0.0
N-Central_PV-2,57,0.0
N-Central_PV-2,58,0.0
N-Central_PV-2,59,0.0
N-Central_PV-2,60,0.0
N-Central_PV-2,61,0.0
N-Central_PV-2,62,0.0
N-Central_PV-2,63,0.0
N-Central_PV-2,64,0.0
N-Central_PV-2,65,0.0
N-Central_PV-2,66,0.0
N-Central_PV-2,67,0.0
N-Central_PV-2,68,0.0
N-Central_PV-2,69,0.0
N-Central_PV-2,70,0.0
N-Central_PV-2,71,0.0
N-Central_PV-2,72,0.0
N-Central_PV-2,73,0.0
N-Central_PV-2,74,0.0
N-Central_PV-2,75,0.0
N-Central_PV-2,76,0.0
N-Central_PV-2,77,0.0
N-Central_PV-2,78,0.0
N-Central_PV-2,79,0.0
N-Central_PV-2,80,0.0
N-Central_PV-2,81,0.0
N-Central_PV-2,82,0.0
N-Central_PV-2,83,0.0
N-Central_PV-2,84,0.0
N-Central_PV-2,85,0.0
N-Central_PV-2,86,0.0
N-Central_PV-2,87,0.0
N-Central_PV-2,88,0.0
N-Central_PV-2,89,0.0
N-Central_PV-2,90,0.0
N-Central_PV-2,91,0.0
N-Central_PV-2,92,0.0
N-Central_PV-2,93,0.0
N-Central_PV-2,94,0.0
N-Central_PV-2,95,0.0
N-Central_PV-2,96,0.0
N-Commercial_PV,1,0.0
N-Commercial_PV,2,0.0
N-Commercial_PV,3,0.0
N-Commercial_PV,4,0.0
N-Commercial_PV,5,0.0
N-Commercial_PV,6,0.0
N-Commercial_PV,7,0.0
N-Commercial_PV,8,0.0
N-Commercial_PV,9,0.0
N-Commercial_PV,10,0.0
N-Commercial_PV,11,0.0
N-Commercial_PV,12,0.0
N-Commercial_PV,13,0.0
N-Commercial_PV,14,0.0
N-Commercial_PV,15,0.0
N-Commercial_PV,16,0.0
N-Commercial_PV,17,0.0
N-Commercial_PV,18,0.0
N-Commercial_PV,19,0.0
N-Commercial_PV,20,0.0
N-Commercial_PV,21,0.0
N-Commercial_PV,22,0.0
N-Commercial_PV,23,0.0
N-Commercial_PV,24,0.0
N-Commercial_PV,25,0.0
N-Commercial_PV,26,0.0
N-Commercial_PV,27,0.0
N-Commercial_PV,28,0.0
N-Commercial_PV,29,0.0
N-Commercial_PV,30,0.0
N-Commercial_PV,31,0.0
N-Commercial_PV,32,0.0
N-Commercial_PV,33,0.0
N-Commercial_PV,34,0.0
N-Commercial_PV,35,0.0
N-Commercial_PV,36,0.0
N-Commercial_PV,37,0.0
N-Commercial_PV,38,0.0
N-Commercial_PV,39,0.0
N-Commercial_PV,40,0.0
N-Commercial_PV,41,0.0
N-Commercial_PV,42,0.0
N-Commercial_PV,43,0.0
N-Commercial_PV,44,0.0
N-Commercial_PV,45,0.0
N-Commercial_PV,46,0.0
N-Commercial_PV,47,0.0
N-Commercial_PV,48,0.0
N-Commercial_PV,49,0.0
N-Commercial_PV,50,0.0
N-Commercial_PV,51,0.0
N-Commercial_PV,52,0.0
N-Commercial_PV,53,0.0
N-Commercial_PV,54,0.0
N-Commercial_PV,55,0.0
N-Commercial_PV,56,0.0
N-Commercial_PV,57,0.0
N-Commercial_PV,58,0.0
N-Commercial_PV,59,0.0
N-Commercial_PV,60,0.0
N-Commercial_PV,61,0.0
N-Commercial_PV,62,0.0
N-Commercial_PV,63,0.0
N-Commercial_PV,64,0.0
N-Commercial_PV,65,0.0
N-Commercial_PV,66,0.0
N-Commercial_PV,67,0.0
N-Commercial_PV,68,0.0
N-Commercial_PV,69,0.0
N-Commercial_PV,70,0.0
N-Commercial_PV,71,0.0
N-Commercial_PV,72,0.0
N-Commercial_PV,73,0.0
N-Commercial_PV,74,0.0
N-Commercial_PV,75,0.0
N-Commercial_PV,76,0.0
N-Commercial_PV,77,0.0
N-Commercial_PV,78,0.0
N-Commercial_PV,79,0.0
N-Commercial_PV,80,0.0
N-Commercial_PV,81,0.0
N-Commercial_PV,82,0.0
N-Commercial_PV,83,0.0
N-Commercial_PV,84,0.0
N-Commercial_PV,85,0.0
N-Commercial_PV,86,0.0
N-Commercial_PV,87,0.0
N-Commercial_PV,88,0.0
N-Commercial_PV,89,0.0
N-Commercial_PV,90,0.0
N-Commercial_PV,91,0.0
N-Commercial_PV,92,0.0
N-Commercial_PV,93,0.0
N-Commercial_PV,94,0.0
N-Commercial_PV,95,0.0
N-Commercial_PV,96,0.0
N-Residential_PV,1,0.0
N-Residential_PV,2,0.0
N-Residential_PV,3,0.0
N-Residential_PV,4,0.0
N-Residential_PV,5,0.0
N-Residential_PV,6,0.0
N-Residential_PV,7,0.0
N-Residential_PV,8,0.0
N-Residential_PV,9,0.0
N-Residential_PV,10,0.0
N-Residential_PV,11,0.0
N-Residential_PV,12,0.0
N-Residential_PV,13,0.0
N-Residential_PV,14,0.0
N-Residential_PV,15,0.0
N-Residential_PV,16,0.0
N-Residential_PV,17,0.0
N-Residential_PV,18,0.0
N-Residential_PV,19,0.0
N-Residential_PV,20,0.0
N-Residential_PV,21,0.0
N-Residential_PV,22,0.0
N-Residential_PV,23,0.0
N-Residential_PV,24,0.0
N-Residential_PV,25,0.0
N-Residential_PV,26,0.0
N-Residential_PV,27,0.0
N-Residential_PV,28,0.0
N-Residential_PV,29,0.0
N-Residential_PV,30,0.0
N-Residential_PV,31,0.0
N-Residential_PV,32,0.0
N-Residential_PV,33,0.0
N-Residential_PV,34,0.0
N-Residential_PV,35,0.0
N-Residential_PV,36,0.0
N-Residential_PV,37,0.0
N-Residential_PV,38,0.0
N-Residential_PV,39,0.0
N-Residential_PV,40,0.0
N-Residential_PV,41,0.0
N-Residential_PV,42,0.0
N-Residential_PV,43,0.0
N-Residential_PV,44,0.0
N-Residential_PV,45,0.0
N-Residential_PV,46,0.0
N-Residential_PV,47,0.0
N-Residential_PV,48,0.0
N-Residential_PV,49,0.0
N-Residential_PV,50,0.0
N-Residential_PV,51,0.0
N-Residential_PV,52,0.0
N-Residential_PV,53,0.0
N-Residential_PV,54,0.0
N-Residential_PV,55,0.0
N-Residential_PV,56,0.0
N-Residential_PV,57,0.0
N-Residential_PV,58,0.0
N-Residential_PV,59,0.0
N-Residential_PV,60,0.0
N-Residential_PV,61,0.0
N-Residential_PV,62,0.0
N-Residential_PV,63,0.0
N-Residential_PV,64,0.0
N-Residential_PV,65,0.0
N-Residential_PV,66,0.0
N-Residential_PV,67,0.0
N-Residential_PV,68,0.0
N-Residential_PV,69,0.0
N-Residential_PV,70,0.0
N-Residential_PV,71,0.0
N-Residential_PV,72,0.0
N-Residential_PV,73,0.0
N-Residential_PV,74,0.0
N-Residential_PV,75,0.0
N-Residential_PV,76,0.0
N-Residential_PV,77,0.0
N-Residential_PV,78,0.0
N-Residential_PV,79,0.0
N-Residential_PV,80,0.0
N-Residential_PV,81,0.0
N-Residential_PV,82,0.0
N-Residential_PV,83,0.0
N-Residential_PV,84,0.0
N-Residential_PV,85,0.0
N-Residential_PV,86,0.0
N-Residential_PV,87,0.0
N-Residential_PV,88,0.0
N-Residential_PV,89,0.0
N-Residential_PV,90,0.0
N-Residential_PV,91,0.0
N-Residential_PV,92,0.0
N-Residential_PV,93,0.0
N-Residential_PV,94,0.0
N-Residential_PV,95,0.0
N-Residential_PV,96,0.0
N-Wind-1,1,2.3855999999999997
N-Wind-1,2,0.0
N-Wind-1,3,2.5844
N-Wind-1,4,0.0
N-Wind-1,5,0.47712
N-Wind-1,6,0.0
N-Wind-1,7,0.0
N-Wind-1,8,0.0
N-Wind-1,9,0.0
N-Wind-1,10,0.0
N-Wind-1,11,0.0
N-Wind-1,12,0.0
N-Wind-1,13,0.0
N-Wind-1,14,0.0
N-Wind-1,15,0.0
N-Wind-1,16,0.0
N-Wind-1,17,0.0
N-Wind-1,18,0.0
N-Wind-1,19,3.1808
N-Wind-1,20,3.1808
N-Wind-1,21,3.1808
N-Wind-1,22,0.0
N-Wind-1,23,0.0
N-Wind-1,24,0.0
N-Wind-1,25,0.0
N-Wind-1,26,0.0
N-Wind-1,27,0.0
N-Wind-1,28,0.0
N-Wind-1,29,0.0
N-Wind-1,30,0.0
N-Wind-1,31,0.0
N-Wind-1,32,0.0
N-Wind-1,33,0.0
N-Wind-1,34,0.0
N-Wind-1,35,0.0
N-Wind-1,36,0.0
N-Wind-1,37,0.0
N-Wind-1,38,0.0
N-Wind-1,39,0.0
N-Wind-1,40,0.0
N-Wind-1,41,0.0
N-Wind-1,42,0.0
N-Wind-1,43,0.0
N-Wind-1,44,3.1808
N-Wind-1,45,0.0
N-Wind-1,46,0.0
N-Wind-1,47,0.0
N-Wind-1,48,0.0
N-Wind-1,49,0.20647225849998208
N-Wind-1,50,0.0
N-Wind-1,51,0.0
N-Wind-1,52,0.0
N-Wind-1,53,0.0
N-Wind-1,54,0.0
N-Wind-1,55,0.0
N-Wind-1,56,0.0
N-Wind-1,57,0.0
N-Wind-1,58,0.0
N-Wind-1,59,0.20092315607135092
N-Wind-1,60,3.1808
N-Wind-1,61,3.1808
N-Wind-1,62,3.1808
N-Wind-1,63,0.0
N-Wind-1,64,0.0
N-Wind-1,65,0.0
N-Wind-1,66,3.1808
N-Wind-1,67,3.1808
N-Wind-1,68,3.1808
N-Wind-1,69,3.1613278572325605
N-Wind-1,70,0.0
N-Wind-1,71,0.0
N-Wind-1,72,0.0
N-Wind-1,73,0.20647225850010997
N-Wind-1,74,0.0
N-Wind-1,75,0.0
N-Wind-1,76,0.0
N-Wind-1,77,0.0
N-Wind-1,78,0.0
N-Wind-1,79,0.0
N-Wind-1,80,0.0
N-Wind-1,81,0.0
N-Wind-1,82,0.0
N-Wind-1,83,0.20092315607147881
N-Wind-1,84,0.0
N-Wind-1,85,0.0
N-Wind-1,86,0.0
N-Wind-1,87,0.0
N-Wind-1,88,0.0
N-Wind-1,89,0.0
N-Wind-1,90,3.1808
N-Wind-1,91,0.0
N-Wind-1,92,3.1808
N-Wind-1,93,3.1613278572326173
N-Wind-1,94,0.0
N-Wind-1,95,0.0
N-Wind-1,96,0.0
N-Wind-2,1,0.0
N-Wind-2,2,0.0
N-Wind-2,3,0.0
N-Wind-2,4,0.0
N-Wind-2,5,0.0
N-Wind-2,6,0.0
N-Wind-2,7,0.0
N-Wind-2,8,0.0
N-Wind-2,9,0.0
N-Wind-2,10,0.0
N-Wind-2,11,0.0
N-Wind-2,12,0.0
N-Wind-2,13,0.0
N-Wind-2,14,0.0
N-Wind-2,15,0.0
N-Wind-2,16,0.0
N-Wind-2,17,0.0
N-Wind-2,18,0.0
N-Wind-2,19,0.86478
N-Wind-2,20,0.86478
N-Wind-2,21,0.0
N-Wind-2,22,0.0
N-Wind-2,23,0.0
N-Wind-2,24,0.0
N-Wind-2,25,0.0
N-Wind-2,26,0.0
N-Wind-2,27,0.0
N-Wind-2,28,0.0
N-Wind-2,29,0.0
N-Wind-2,30,0.0
N-Wind-2,31,0.0
N-Wind-2,32,0.0
N-Wind-2,33,0.0
N-Wind-2,34,0.0
N-Wind-2,35,0.0
N-Wind-2,36,0.0
N-Wind-2,37,0.0
N-Wind-2,38,0.0
N-Wind-2,39,0.0
N-Wind-2,40,0.0
N-Wind-2,41,0.0
N-Wind-2,42,0.0
N-Wind-2,43,0.0
N-Wind-2,44,0.86478
N-Wind-2,45,0.86478
N-Wind-2,46,0.0
N-Wind-2,47,0.0
N-Wind-2,48,0.0
N-Wind-2,49,0.0
N-Wind-2,50,0.0
N-Wind-2,51,0.0
N-Wind-2,52,0.0
N-Wind-2,53,0.0
N-Wind-2,54,0.0
N-Wind-2,55,0.0
N-Wind-2,56,0.86478
N-Wind-2,57,0.0
N-Wind-2,58,0.0
N-Wind-2,59,0.0
N-Wind-2,60,0.0
N-Wind-2,61,0.0
N-Wind-2,62,0.0
N-Wind-2,63,0.0
N-Wind-2,64,0.0
N-Wind-2,65,0.0
N-Wind-2,66,0.0
N-Wind-2,67,0.86478
N-Wind-2,68,0.86478
N-Wind-2,69,0.86478
N-Wind-2,70,0.0
N-Wind-2,71,0.0
N-Wind-2,72,0.0
N-Wind-2,73,0.0
N-Wind-2,74,0.0
N-Wind-2,75,0.0
N-Wind-2,76,0.0
N-Wind-2,77,0.0
N-Wind-2,78,0.0
N-Wind-2,79,0.0
N-Wind-2,80,0.0
N-Wind-2,81,0.0
N-Wind-2,82,0.0
N-Wind-2,83,0.0
N-Wind-2,84,0.0
N-Wind-2,85,0.0
N-Wind-2,86,0.0
N-Wind-2,87,0.0
N-Wind-2,88,0.0
N-Wind-2,89,0.0
N-Wind-2,90,0.0
N-Wind-2,91,0.86478
N-Wind-2,92,0.86478
N-Wind-2,93,0.86478
N-Wind-2,94,0.0
N-Wind-2,95,0.86478
N-Wind-2,96,0.0
S-Central_PV-1,1,0.0
S-Central_PV-1,2,0.0
S-Central_PV-1,3,0.0
S-Central_PV-1,4,0.0
S-Central_PV-1,5,0.0
S-Central_PV-1,6,0.0
S-Central_PV-1,7,0.0
S-Central_PV-1,8,0.0
S-Central_PV-1,9,0.0
S-Central_PV-1,10,0.0
S-Central_PV-1,11,0.0
S-Central_PV-1,12,0.0
S-Central_PV-1,13,0.0
S-Central_PV-1,14,0.0
S-Central_PV-1,15,0.0
S-Central_PV-1,16,0.0
S-Central_PV-1,17,0.0
S-Central_PV-1,18,0.0
S-Central_PV-1,19,0.0
S-Central_PV-1,20,0.0
S-Central_PV-1,21,0.0
S-Central_PV-1,22,0.0
S-Central_PV-1,23,0.0
S-Central_PV-1,24,0.0
S-Central_PV-1,25,0.0
S-Central_PV-1,26,0.0
S-Central_PV-1,27,0.0
S-Central_PV-1,28,0.0
S-Central_PV-1,29,0.0
S-Central_PV-1,30,0.0
S-Central_PV-1,31,0.0
S-Central_PV-1,32,0.0
S-Central_PV-1,33,0.0
S-Central_PV-1,34,0.0
S-Central_PV-1,35,0.0
S-Central_PV-1,36,0.0
S-Central_PV-1,37,0.0
S-Central_PV-1,38,0.0
S-Central_PV-1,39,0.0
S-Central_PV-1,40,0.0
S-Central_PV-1,41,0.0
S-Central_PV-1,42,0.0
S-Central_PV-1,43,0.0
S-Central_PV-1,44,0.0
S-Central_PV-1,45,0.0
S-Central_PV-1,46,0.0
S-Central_PV-1,47,0.0
S-Central_PV-1,48,0.0
S-Central_PV-1,49,0.0
S-Central_PV-1,50,0.0
S-Central_PV-1,51,0.0
S-Central_PV-1,52,0.0
S-Central_PV-1,53,0.0
S-Central_PV-1,54,0.0
S-Central_PV-1,55,0.0
S-Central_PV-1,56,0.0
S-Central_PV-1,57,0.0
S-Central_PV-1,58,0.0
S-Central_PV-1,59,0.0
S-Central_PV-1,60,0.0
S-Central_PV-1,61,0.0
S-Central_PV-1,62,0.0
S-Central_PV-1,63,0.0
S-Central_PV-1,64,0.0
S-Central_PV-1,65,0.0
S-Central_PV-1,66,0.0
S-Central_PV-1,67,0.0
S-Central_PV-1,68,0.0
S-Central_PV-1,69,0.0
S-Central_PV-1,70,0.0
S-Central_PV-1,71,0.0
S-Central_PV-1,72,0.0
S-Central_PV-1,73,0.0
S-Central_PV-1,74,0.0
S-Central_PV-1,75,0.0
S-Central_PV-1,76,0.0
S-Central_PV-1,77,0.0
S-Central_PV-1,78,0.0
S-Central_PV-1,79,0.0
S-Central_PV-1,80,0.0
S-Central_PV-1,81,0.0
S-Central_PV-1,82,0.0
S-Central_PV-1,83,0.0
S-Central_PV-1,84,0.0
S-Central_PV-1,85,0.0
S-Central_PV-1,86,0.0
S-Central_PV-1,87,0.0
S-Central_PV-1,88,0.0
S-Central_PV-1,89,0.0
S-Central_PV-1,90,0.0
S-Central_PV-1,91,0.0
S-Central_PV-1,92,0.0
S-Central_PV-1,93,0.0
S-Central_PV-1,94,0.0
S-Central_PV-1,95,0.0
S-Central_PV-1,96,0.0
S-Central_PV-2,1,0.0
S-Central_PV-2,2,0.0
S-Central_PV-2,3,0.0
S-Central_PV-2,4,0.0
S-Central_PV-2,5,0.0
S-Central_PV-2,6,0.0
S-Central_PV-2,7,0.0
S-Central_PV-2,8,0.0
S-Central_PV-2,9,0.0
S-Central_PV-2,10,0.0
S-Central_PV-2,11,0.0
S-Central_PV-2,12,0.0
S-Central_PV-2,13,0.0
S-Central_PV-2,14,0.0
S-Central_PV-2,15,0.0
S-Central_PV-2,16,0.0
S-Central_PV-2,17,0.0
S-Central_PV-2,18,0.0
S-Central_PV-2,19,0.0
S-Central_PV-2,20,0.0
S-Central_PV-2,21,0.0
S-Central_PV-2,22,0.0
S-Central_PV-2,23,0.0
S-Central_PV-2,24,0.0
S-Central_PV-2,25,0.0
S-Central_PV-2,26,0.0
S-Central_PV-2,27,0.0
S-Central_PV-2,28,0.0
S-Central_PV-2,29,0.0
S-Central_PV-2,30,0.0
S-Central_PV-2,31,0.0
S-Central_PV-2,32,0.0
S-Central_PV-2,33,0.0
S-Central_PV-2,34,0.0
S-Central_PV-2,35,0.0
S-Central_PV-2,36,0.0
S-Central_PV-2,37,0.0
S-Central_PV-2,38,0.0
S-Central_PV-2,39,0.0
S-Central_PV-2,40,0.0
S-Central_PV-2,41,0.0
S-Central_PV-2,42,0.0
S-Central_PV-2,43,0.0
S-Central_PV-2,44,0.0
S-Central_PV-2,45,0.0
S-Central_PV-2,46,0.0
S-Central_PV-2,47,0.0
S-Central_PV-2,48,0.0
S-Central_PV-2,49,0.0
S-Central_PV-2,50,0.0
S-Central_PV-2,51,0.0
S-Central_PV-2,52,0.0
S-Central_PV-2,53,0.0
S-Central_PV-2,54,0.0
S-Central_PV-2,55,0.0
S-Central_PV-2,56,0.0
S-Central_PV-2,57,0.0
S-Central_PV-2,58,0.0
S-Central_PV-2,59,0.0
S-Central_PV-2,60,0.0
S-Central_PV-2,61,0.0
S-Central_PV-2,62,0.0
S-Central_PV-2,63,0.0
S-Central_PV-2,64,0.0
S-Central_PV-2,65,0.0
S-Central_PV-2,66,0.0
S-Central_PV-2,67,0.0
S-Central_PV-2,68,0.0
S-Central_PV-2,69,0.0
S-Central_PV-2,70,0.0
S-Central_PV-2,71,0.0
S-Central_PV-2,72,0.0
S-Central_PV-2,73,0.0
S-Central_PV-2,74,0.0
S-Central_PV-2,75,0.0
S-Central_PV-2,76,0.0
S-Central_PV-2,77,0.0
S-Central_PV-2,78,0.0
S-Central_PV-2,79,0.0
S-Central_PV-2,80,0.0
S-Central_PV-2,81,0.0
S-Central_PV-2,82,0.0
S-Central_PV-2,83,0.0
S-Central_PV-2,84,0.0
S-Central_PV-2,85,0.0
S-Central_PV-2,86,0.0
S-Central_PV-2,87,0.0
S-Central_PV-2,88,0.0
S-Central_PV-2,89,0.0
S-Central_PV-2,90,0.0
S-Central_PV-2,91,0.0
S-Central_PV-2,92,0.0
S-Central_PV-2,93,0.0
S-Central_PV-2,94,0.0
S-Central_PV-2,95,0.0
S-Central_PV-2,96,0.0
S-Commercial_PV,1,0.0
S-Commercial_PV,2,0.0
S-Commercial_PV,3,0.0
S-Commercial_PV,4,0.0
S-Commercial_PV,5,0.0
S-Commercial_PV,6,0.0
S-Commercial_PV,7,0.0
S-Commercial_PV,8,0.0
S-Commercial_PV,9,0.0
S-Commercial_PV,10,0.0
S-Commercial_PV,11,0.0
S-Commercial_PV,12,0.0
S-Commercial_PV,13,0.0
S-Commercial_PV,14,0.0
S-Commercial_PV,15,0.0
S-Commercial_PV,16,0.0
S-Commercial_PV,17,0.0
S-Commercial_PV,18,0.0
S-Commercial_PV,19,0.0
S-Commercial_PV,20,0.0
S-Commercial_PV,21,0.0
S-Commercial_PV,22,0.0
S-Commercial_PV,23,0.0
S-Commercial_PV,24,0.0
S-Commercial_PV,25,0.0
S-Commercial_PV,26,0.0
S-Commercial_PV,27,0.0
S-Commercial_PV,28,0.0
S-Commercial_PV,29,0.0
S-Commercial_PV,30,0.0
S-Commercial_PV,31,0.0
S-Commercial_PV,32,0.0
S-Commercial_PV,33,0.0
S-Commercial_PV,34,0.0
S-Commercial_PV,35,0.0
S-Commercial_PV,36,0.0
S-Commercial_PV,37,0.0
S-Commercial_PV,38,0.0
S-Commercial_PV,39,0.0
S-Commercial_PV,40,0.0
S-Commercial_PV,41,0.0
S-Commercial_PV,42,0.0
S-Commercial_PV,43,0.0
S-Commercial_PV,44,0.0
S-Commercial_PV,45,0.0
S-Commercial_PV,46,0.0
S-Commercial_PV,47,0.0
S-Commercial_PV,48,0.0
S-Commercial_PV,49,0.0
S-Commercial_PV,50,0.0
S-Commercial_PV,51,0.0
S-Commercial_PV,52,0.0
S-Commercial_PV,53,0.0
S-Commercial_PV,54,0.0
S-Commercial_PV,55,0.0
S-Commercial_PV,56,0.0
S-Commercial_PV,57,0.0
S-Commercial_PV,58,0.0
S-Commercial_PV,59,0.0
S-Commercial_PV,60,0.0
S-Commercial_PV,61,0.0
S-Commercial_PV,62,0.0
S-Commercial_PV,63,0.0
S-Commercial_PV,64,0.0
S-Commercial_PV,65,0.0
S-Commercial_PV,66,0.0
S-Commercial_PV,67,0.0
S-Commercial_PV,68,0.0
S-Commercial_PV,69,0.0
S-Commercial_PV,70,0.0
S-Commercial_PV,71,0.0
S-Commercial_PV,72,0.0
S-Commercial_PV,73,0.0
S-Commercial_PV,74,0.0
S-Commercial_PV,75,0.0
S-Commercial_PV,76,0.0
S-Commercial_PV,77,0.0
S-Commercial_PV,78,0.0
S-Commercial_PV,79,0.0
S-Commercial_PV,80,0.0
S-Commercial_PV,81,0.0
S-Commercial_PV,82,0.0
S-Commercial_PV,83,0.0
S-Commercial_PV,84,0.0
S-Commercial_PV,85,0.0
S-Commercial_PV,86,0.0
S-Commercial_PV,87,0.0
S-Commercial_PV,88,0.0
S-Commercial_PV,89,0.0
S-Commercial_PV,90,0.0
S-Commercial_PV,91,0.0
S-Commercial_PV,92,0.0
S-Commercial_PV,93,0.0
S-Commercial_PV,94,0.0
S-Commercial_PV,95,0.0
S-Commercial_PV,96,0.0
S-Residential_PV,1,0.0
S-Residential_PV,2,0.0
S-Residential_PV,3,0.0
S-Residential_PV,4,0.0
S-Residential_PV,5,0.0
S-Residential_PV,6,0.0
S-Residential_PV,7,0.0
S-Residential_PV,8,0.0
S-Residential_PV,9,0.0
S-Residential_PV,10,0.0
S-Residential_PV,11,0.0
S-Residential_PV,12,0.0
S-Residential_PV,13,0.0
S-Residential_PV,14,0.0
S-Residential_PV,15,0.0
S-Residential_PV,16,0.0
S-Residential_PV,17,0.0
S-Residential_PV,18,0.0
S-Residential_PV,19,0.0
S-Residential_PV,20,0.0
S-Residential_PV,21,0.0
S-Residential_PV,22,0.0
S-Residential_PV,23,0.0
S-Residential_PV,24,0.0
S-Residential_PV,25,0.0
S-Residential_PV,26,0.0
S-Residential_PV,27,0.0
S-Residential_PV,28,0.0
S-Residential_PV,29,0.0
S-Residential_PV,30,0.0
S-Residential_PV,31,0.0
S-Residential_PV,32,0.0
S-Residential_PV,33,0.0
S-Residential_PV,34,0.0
S-Residential_PV,35,0.0
S-Residential_PV,36,0.0
S-Residential_PV,37,0.0
S-Residential_PV,38,0.0
S-Residential_PV,39,0.0
S-Residential_PV,40,0.0
S-Residential_PV,41,0.0
S-Residential_PV,42,0.0
S-Residential_PV,43,0.0
S-Residential_PV,44,0.0
S-Residential_PV,45,0.0
S-Residential_PV,46,0.0
S-Residential_PV,47,0.0
S-Residential_PV,48,0.0
S-Residential_PV,49,0.0
S-Residential_PV,50,0.0
S-Residential_PV,51,0.0
S-Residential_PV,52,0.0
S-Residential_PV,53,0.0
S-Residential_PV,54,0.0
S-Residential_PV,55,0.0
S-Residential_PV,56,0.0
S-Residential_PV,57,0.0
S-Residential_PV,58,0.0
S-Residential_PV,59,0.0
S-Residential_PV,60,0.0
S-Residential_PV,61,0.0
S-Residential_PV,62,0.0
S-Residential_PV,63,0.0
S-Residential_PV,64,0.0
S-Residential_PV,65,0.0
S-Residential_PV,66,0.0
S-Residential_PV,67,0.0
S-Residential_PV,68,0.0
S-Residential_PV,69,0.0
S-Residential_PV,70,0.0
S-Residential_PV,71,0.0
S-Residential_PV,72,0.0
S-Residential_PV,73,0.0
S-Residential_PV,74,0.0
S-Residential_PV,75,0.0
S-Residential_PV,76,0.0
S-Residential_PV,77,0.0
S-Residential_PV,78,0.0
S-Residential_PV,79,0.0
S-Residential_PV,80,0.0
S-Residential_PV,81,0.0
S-Residential_PV,82,0.0
S-Residential_PV,83,0.0
S-Residential_PV,84,0.0
S-Residential_PV,85,0.0
S-Residential_PV,86,0.0
S-Residential_PV,87,0.0
S-Residential_PV,88,0.0
S-Residential_PV,89,0.0
S-Residential_PV,90,0.0
S-Residential_PV,91,0.0
S-Residential_PV,92,0.0
S-Residential_PV,93,0.0
S-Residential_PV,94,0.0
S-Residential_PV,95,0.0
S-Residential_PV,96,0.0
outside_coal,1,0.0
outside_coal,2,0.0
outside_coal,3,0.0
outside_coal,4,0.0
outside_coal,5,0.0
outside_coal,6,0.0
outside_coal,7,0.0
outside_coal,8,0.0
outside_coal,9,0.0
outside_coal,10,0.0
outside_coal,11,0.0
outside_coal,12,0.0
outside_coal,13,0.0
outside_coal,14,0.0
outside_coal,15,0.0
outside_coal,16,0.0
outside_coal,17,0.0
outside_coal,18,0.0
outside_coal,19,0.0
outside_coal,20,0.0
outside_coal,21,0.0
outside_coal,22,0.0
outside_coal,23,0.0
outside_coal,24,0.0
outside_coal,25,0.0
outside_coal,26,0.0
outside_coal,27,0.0
outside_coal,28,0.0
outside_coal,29,0.0
outside_coal,30,0.0
outside_coal,31,0.0
outside_coal,32,0.0
outside_coal,33,0.0
outside_coal,34,0.0
outside_coal,35,0.0
outside_coal,36,0.0
outside_coal,37,0.0
outside_coal,38,0.0
outside_coal,39,0.0
outside_coal,40,0.0
outside_coal,41,0.0
outside_coal,42,0.0
outside_coal,43,0.0
outside_coal,44,0.0
outside_coal,45,0.0
outside_coal,46,0.0
outside_coal,47,0.0
outside_coal,48,0.0
outside_coal,49,0.0
outside_coal,50,0.0
outside_coal,51,0.0
outside_coal,52,0.0
outside_coal,53,0.0
outside_coal,54,0.0
outside_coal,55,0.0
outside_coal,56,0.0
outside_coal,57,0.0
outside_coal,58,0.0
outside_coal,59,0.0
outside_coal,60,0.0
outside_coal,61,0.0
outside_coal,62,0.0
outside_coal,63,0.0
outside_coal,64,0.0
outside_coal,65,0.0
outside_coal,66,0.0
outside_coal,67,0.0
outside_coal,68,0.0
outside_coal,69,0.0
outside_coal,70,0.0
outside_coal,71,0.0
outside_coal,72,0.0
outside_coal,73,0.0
outside_coal,74,0.0
outside_coal,75,0.0
outside_coal,76,0.0
outside_coal,77,0.0
outside_coal,78,0.0
outside_coal,79,0.0
outside_coal,80,0.0
outside_coal,81,0.0
outside_coal,82,0.0
outside_coal,83,0.0
outside_coal,84,0.0
outside_coal,85,0.0
outside_coal,86,0.0
outside_coal,87,0.0
outside_coal,88,0.0
outside_coal,89,0.0
outside_coal,90,0.0
outside_coal,91,0.0
outside_coal,92,0.0
outside_coal,93,0.0
outside_coal,94,0.0
outside_coal,95,0.0
outside_coal,96,0.0
