load_zone,timestamp,ZoneTotalDistributedDispatch,InjectIntoDistributedGrid,zone_demand_mw
inside_lvliang,1,0,2441.535983,-2441.535983
inside_lvliang,2,0,2424.081988,-2424.081988
inside_lvliang,3,0,2396.420806,-2396.420806
inside_lvliang,4,0,2364.030018,-2364.030018
inside_lvliang,5,0,2336.183154,-2336.183154
inside_lvliang,6,0,2338.782686,-2338.782686
inside_lvliang,7,0,2390.845127,-2390.845127
inside_lvliang,8,0,2493.216553,-2493.216553
inside_lvliang,9,0,2491.179319,-2491.179319
inside_lvliang,10,0,2524.32334,-2524.32334
inside_lvliang,11,0,2441.530728,-2441.530728
inside_lvliang,12,0,2428.718753,-2428.718753
inside_lvliang,13,0,2441.246951,-2441.246951
inside_lvliang,14,0,2338.313229,-2338.313229
inside_lvliang,15,0,2315.758267,-2315.758267
inside_lvliang,16,0,2342.573377,-2342.573377
inside_lvliang,17,0,2395.105275,-2395.105275
inside_lvliang,18,0,2603.009954,-2603.009954
inside_lvliang,19,0,2765.902806,-2765.902806
inside_lvliang,20,0,2809.352111,-2809.352111
inside_lvliang,21,0,2736.488167,-2736.488167
inside_lvliang,22,0,2718.946587,-2718.946587
inside_lvliang,23,0,2621.304767,-2621.304767
inside_lvliang,24,0,2483.380726,-2483.380726
inside_lvliang,25,0,2441.535983,-2441.535983
inside_lvliang,26,0,2424.081988,-2424.081988
inside_lvliang,27,0,2396.420806,-2396.420806
inside_lvliang,28,0,2364.030018,-2364.030018
inside_lvliang,29,0,2336.183154,-2336.183154
inside_lvliang,30,0,2338.782686,-2338.782686
inside_lvliang,31,0,2390.845127,-2390.845127
inside_lvliang,32,0,2493.216553,-2493.216553
inside_lvliang,33,0,2491.179319,-2491.179319
inside_lvliang,34,0,2524.32334,-2524.32334
inside_lvliang,35,0,2441.530728,-2441.530728
inside_lvliang,36,0,2428.718753,-2428.718753
inside_lvliang,37,0,2441.246951,-2441.246951
inside_lvliang,38,0,2338.313229,-2338.313229
inside_lvliang,39,0,2315.758267,-2315.758267
inside_lvliang,40,0,2342.573377,-2342.573377
inside_lvliang,41,0,2395.105275,-2395.105275
inside_lvliang,42,0,2603.009954,-2603.009954
inside_lvliang,43,0,2765.902806,-2765.902806
inside_lvliang,44,0,2809.352111,-2809.352111
inside_lvliang,45,0,2736.488167,-2736.488167
inside_lvliang,46,0,2718.946587,-2718.946587
inside_lvliang,47,0,2621.304767,-2621.304767
inside_lvliang,48,0,2483.380726,-2483.380726
inside_lvliang,49,0,2441.535983,-2441.535983
inside_lvliang,50,0,2424.081988,-2424.081988
inside_lvliang,51,0,2396.420806,-2396.420806
inside_lvliang,52,0,2364.030018,-2364.030018
inside_lvliang,53,0,2336.183154,-2336.183154
inside_lvliang,54,0,2338.782686,-2338.782686
inside_lvliang,55,0,2390.845127,-2390.845127
inside_lvliang,56,0,2493.216553,-2493.216553
inside_lvliang,57,0,2491.179319,-2491.179319
inside_lvliang,58,0,2524.32334,-2524.32334
inside_lvliang,59,0,2441.530728,-2441.530728
inside_lvliang,60,0,2428.718753,-2428.718753
inside_lvliang,61,0,2441.246951,-2441.246951
inside_lvliang,62,0,2338.313229,-2338.313229
inside_lvliang,63,0,2315.758267,-2315.758267
inside_lvliang,64,0,2342.573377,-2342.573377
inside_lvliang,65,0,2395.105275,-2395.105275
inside_lvliang,66,0,2603.009954,-2603.009954
inside_lvliang,67,0,2765.902806,-2765.902806
inside_lvliang,68,0,2809.352111,-2809.352111
inside_lvliang,69,0,2736.488167,-2736.488167
inside_lvliang,70,0,2718.946587,-2718.946587
inside_lvliang,71,0,2621.304767,-2621.304767
inside_lvliang,72,0,2483.380726,-2483.380726
inside_lvliang,73,0,2441.535983,-2441.535983
inside_lvliang,74,0,2424.081988,-2424.081988
inside_lvliang,75,0,2396.420806,-2396.420806
inside_lvliang,76,0,2364.030018,-2364.030018
inside_lvliang,77,0,2336.183154,-2336.183154
inside_lvliang,78,0,2338.782686,-2338.782686
inside_lvliang,79,0,2390.845127,-2390.845127
inside_lvliang,80,0,2493.216553,-2493.216553
inside_lvliang,81,0,2491.179319,-2491.179319
inside_lvliang,82,0,2524.32334,-2524.32334
inside_lvliang,83,0,2441.530728,-2441.530728
inside_lvliang,84,0,2428.718753,-2428.718753
inside_lvliang,85,0,2441.246951,-2441.246951
inside_lvliang,86,0,2338.313229,-2338.313229
inside_lvliang,87,0,2315.758267,-2315.758267
inside_lvliang,88,0,2342.573377,-2342.573377
inside_lvliang,89,0,2395.105275,-2395.105275
inside_lvliang,90,0,2603.009954,-2603.009954
inside_lvliang,91,0,2765.902806,-2765.902806
inside_lvliang,92,0,2809.352111,-2809.352111
inside_lvliang,93,0,2736.488167,-2736.488167
inside_lvliang,94,0,2718.946587,-2718.946587
inside_lvliang,95,0,2621.304767,-2621.304767
inside_lvliang,96,0,2483.380726,-2483.380726
outside_lvliang,1,0,0.0,-0.0
outside_lvliang,2,0,0.0,-0.0
outside_lvliang,3,0,0.0,-0.0
outside_lvliang,4,0,0.0,-0.0
outside_lvliang,5,0,0.0,-0.0
outside_lvliang,6,0,0.0,-0.0
outside_lvliang,7,0,0.0,-0.0
outside_lvliang,8,0,0.0,-0.0
outside_lvliang,9,0,0.0,-0.0
outside_lvliang,10,0,0.0,-0.0
outside_lvliang,11,0,0.0,-0.0
outside_lvliang,12,0,0.0,-0.0
outside_lvliang,13,0,0.0,-0.0
outside_lvliang,14,0,0.0,-0.0
outside_lvliang,15,0,0.0,-0.0
outside_lvliang,16,0,0.0,-0.0
outside_lvliang,17,0,0.0,-0.0
outside_lvliang,18,0,0.0,-0.0
outside_lvliang,19,0,0.0,-0.0
outside_lvliang,20,0,0.0,-0.0
outside_lvliang,21,0,0.0,-0.0
outside_lvliang,22,0,0.0,-0.0
outside_lvliang,23,0,0.0,-0.0
outside_lvliang,24,0,0.0,-0.0
outside_lvliang,25,0,0.0,-0.0
outside_lvliang,26,0,0.0,-0.0
outside_lvliang,27,0,0.0,-0.0
outside_lvliang,28,0,0.0,-0.0
outside_lvliang,29,0,0.0,-0.0
outside_lvliang,30,0,0.0,-0.0
outside_lvliang,31,0,0.0,-0.0
outside_lvliang,32,0,0.0,-0.0
outside_lvliang,33,0,0.0,-0.0
outside_lvliang,34,0,0.0,-0.0
outside_lvliang,35,0,0.0,-0.0
outside_lvliang,36,0,0.0,-0.0
outside_lvliang,37,0,0.0,-0.0
outside_lvliang,38,0,0.0,-0.0
outside_lvliang,39,0,0.0,-0.0
outside_lvliang,40,0,0.0,-0.0
outside_lvliang,41,0,0.0,-0.0
outside_lvliang,42,0,0.0,-0.0
outside_lvliang,43,0,0.0,-0.0
outside_lvliang,44,0,0.0,-0.0
outside_lvliang,45,0,0.0,-0.0
outside_lvliang,46,0,0.0,-0.0
outside_lvliang,47,0,0.0,-0.0
outside_lvliang,48,0,0.0,-0.0
outside_lvliang,49,0,0.0,-0.0
outside_lvliang,50,0,0.0,-0.0
outside_lvliang,51,0,0.0,-0.0
outside_lvliang,52,0,0.0,-0.0
outside_lvliang,53,0,0.0,-0.0
outside_lvliang,54,0,0.0,-0.0
outside_lvliang,55,0,0.0,-0.0
outside_lvliang,56,0,0.0,-0.0
outside_lvliang,57,0,0.0,-0.0
outside_lvliang,58,0,0.0,-0.0
outside_lvliang,59,0,0.0,-0.0
outside_lvliang,60,0,0.0,-0.0
outside_lvliang,61,0,0.0,-0.0
outside_lvliang,62,0,0.0,-0.0
outside_lvliang,63,0,0.0,-0.0
outside_lvliang,64,0,0.0,-0.0
outside_lvliang,65,0,0.0,-0.0
outside_lvliang,66,0,0.0,-0.0
outside_lvliang,67,0,0.0,-0.0
outside_lvliang,68,0,0.0,-0.0
outside_lvliang,69,0,0.0,-0.0
outside_lvliang,70,0,0.0,-0.0
outside_lvliang,71,0,0.0,-0.0
outside_lvliang,72,0,0.0,-0.0
outside_lvliang,73,0,0.0,-0.0
outside_lvliang,74,0,0.0,-0.0
outside_lvliang,75,0,0.0,-0.0
outside_lvliang,76,0,0.0,-0.0
outside_lvliang,77,0,0.0,-0.0
outside_lvliang,78,0,0.0,-0.0
outside_lvliang,79,0,0.0,-0.0
outside_lvliang,80,0,0.0,-0.0
outside_lvliang,81,0,0.0,-0.0
outside_lvliang,82,0,0.0,-0.0
outside_lvliang,83,0,0.0,-0.0
outside_lvliang,84,0,0.0,-0.0
outside_lvliang,85,0,0.0,-0.0
outside_lvliang,86,0,0.0,-0.0
outside_lvliang,87,0,0.0,-0.0
outside_lvliang,88,0,0.0,-0.0
outside_lvliang,89,0,0.0,-0.0
outside_lvliang,90,0,0.0,-0.0
outside_lvliang,91,0,0.0,-0.0
outside_lvliang,92,0,0.0,-0.0
outside_lvliang,93,0,0.0,-0.0
outside_lvliang,94,0,0.0,-0.0
outside_lvliang,95,0,0.0,-0.0
outside_lvliang,96,0,0.0,-0.0
