ZONE_TIMEPOINTS_1,ZONE_TIMEPOINTS_2,WithdrawFromCentralGrid
inside_lvliang,1,2578.1794963041184
inside_lvliang,2,2559.7486673706444
inside_lvliang,3,2530.5393938753964
inside_lvliang,4,2496.3358162618797
inside_lvliang,5,2466.930468848997
inside_lvliang,6,2469.6754868004227
inside_lvliang,7,2524.651665258712
inside_lvliang,8,2632.7524318901797
inside_lvliang,9,2630.601181626188
inside_lvliang,10,2665.600147835269
inside_lvliang,11,2578.1739472016898
inside_lvliang,12,2564.6449345300953
inside_lvliang,13,2577.874288278775
inside_lvliang,14,2469.1797560718055
inside_lvliang,15,2445.362478352693
inside_lvliang,16,2473.6783284054914
inside_lvliang,17,2529.150237592397
inside_lvliang,18,2748.690553326294
inside_lvliang,19,2920.6999007391764
inside_lvliang,20,2966.580898627244
inside_lvliang,21,2889.6390359028514
inside_lvliang,22,2871.115720168955
inside_lvliang,23,2768.0092576557554
inside_lvliang,24,2622.36613093981
inside_lvliang,25,2578.1794963041184
inside_lvliang,26,2559.7486673706444
inside_lvliang,27,2530.5393938753964
inside_lvliang,28,2496.3358162618797
inside_lvliang,29,2466.930468848997
inside_lvliang,30,2469.6754868004227
inside_lvliang,31,2524.651665258712
inside_lvliang,32,2632.7524318901797
inside_lvliang,33,2630.601181626188
inside_lvliang,34,2665.600147835269
inside_lvliang,35,2578.1739472016898
inside_lvliang,36,2564.6449345300953
inside_lvliang,37,2577.874288278775
inside_lvliang,38,2469.1797560718055
inside_lvliang,39,2445.362478352693
inside_lvliang,40,2473.6783284054914
inside_lvliang,41,2529.150237592397
inside_lvliang,42,2748.690553326294
inside_lvliang,43,2920.6999007391764
inside_lvliang,44,2966.580898627244
inside_lvliang,45,2889.6390359028514
inside_lvliang,46,2871.115720168955
inside_lvliang,47,2768.0092576557554
inside_lvliang,48,2622.36613093981
inside_lvliang,49,2578.1794963041184
inside_lvliang,50,2559.7486673706444
inside_lvliang,51,2530.5393938753964
inside_lvliang,52,2496.3358162618797
inside_lvliang,53,2466.930468848997
inside_lvliang,54,2469.6754868004227
inside_lvliang,55,2524.651665258712
inside_lvliang,56,2632.7524318901797
inside_lvliang,57,2630.601181626188
inside_lvliang,58,2665.600147835269
inside_lvliang,59,2578.1739472016898
inside_lvliang,60,2564.6449345300953
inside_lvliang,61,2577.874288278775
inside_lvliang,62,2469.1797560718055
inside_lvliang,63,2445.362478352693
inside_lvliang,64,2473.6783284054914
inside_lvliang,65,2529.150237592397
inside_lvliang,66,2748.690553326294
inside_lvliang,67,2920.6999007391764
inside_lvliang,68,2966.580898627244
inside_lvliang,69,2889.6390359028514
inside_lvliang,70,2871.115720168955
inside_lvliang,71,2768.0092576557554
inside_lvliang,72,2622.36613093981
inside_lvliang,73,2578.1794963041184
inside_lvliang,74,2559.7486673706444
inside_lvliang,75,2530.5393938753964
inside_lvliang,76,2496.3358162618797
inside_lvliang,77,2466.930468848997
inside_lvliang,78,2469.6754868004227
inside_lvliang,79,2524.651665258712
inside_lvliang,80,2632.7524318901797
inside_lvliang,81,2630.601181626188
inside_lvliang,82,2665.600147835269
inside_lvliang,83,2578.1739472016898
inside_lvliang,84,2564.6449345300953
inside_lvliang,85,2577.874288278775
inside_lvliang,86,2469.1797560718055
inside_lvliang,87,2445.362478352693
inside_lvliang,88,2473.6783284054914
inside_lvliang,89,2529.150237592397
inside_lvliang,90,2748.690553326294
inside_lvliang,91,2920.6999007391764
inside_lvliang,92,2966.580898627244
inside_lvliang,93,2889.6390359028514
inside_lvliang,94,2871.115720168955
inside_lvliang,95,2768.0092576557554
inside_lvliang,96,2622.36613093981
outside_lvliang,1,0.0
outside_lvliang,2,0.0
outside_lvliang,3,0.0
outside_lvliang,4,0.0
outside_lvliang,5,0.0
outside_lvliang,6,0.0
outside_lvliang,7,0.0
outside_lvliang,8,0.0
outside_lvliang,9,0.0
outside_lvliang,10,0.0
outside_lvliang,11,0.0
outside_lvliang,12,0.0
outside_lvliang,13,0.0
outside_lvliang,14,0.0
outside_lvliang,15,0.0
outside_lvliang,16,0.0
outside_lvliang,17,0.0
outside_lvliang,18,0.0
outside_lvliang,19,0.0
outside_lvliang,20,0.0
outside_lvliang,21,0.0
outside_lvliang,22,0.0
outside_lvliang,23,0.0
outside_lvliang,24,0.0
outside_lvliang,25,0.0
outside_lvliang,26,0.0
outside_lvliang,27,0.0
outside_lvliang,28,0.0
outside_lvliang,29,0.0
outside_lvliang,30,0.0
outside_lvliang,31,0.0
outside_lvliang,32,0.0
outside_lvliang,33,0.0
outside_lvliang,34,0.0
outside_lvliang,35,0.0
outside_lvliang,36,0.0
outside_lvliang,37,0.0
outside_lvliang,38,0.0
outside_lvliang,39,0.0
outside_lvliang,40,0.0
outside_lvliang,41,0.0
outside_lvliang,42,0.0
outside_lvliang,43,0.0
outside_lvliang,44,0.0
outside_lvliang,45,0.0
outside_lvliang,46,0.0
outside_lvliang,47,0.0
outside_lvliang,48,0.0
outside_lvliang,49,0.0
outside_lvliang,50,0.0
outside_lvliang,51,0.0
outside_lvliang,52,0.0
outside_lvliang,53,0.0
outside_lvliang,54,0.0
outside_lvliang,55,0.0
outside_lvliang,56,0.0
outside_lvliang,57,0.0
outside_lvliang,58,0.0
outside_lvliang,59,0.0
outside_lvliang,60,0.0
outside_lvliang,61,0.0
outside_lvliang,62,0.0
outside_lvliang,63,0.0
outside_lvliang,64,0.0
outside_lvliang,65,0.0
outside_lvliang,66,0.0
outside_lvliang,67,0.0
outside_lvliang,68,0.0
outside_lvliang,69,0.0
outside_lvliang,70,0.0
outside_lvliang,71,0.0
outside_lvliang,72,0.0
outside_lvliang,73,0.0
outside_lvliang,74,0.0
outside_lvliang,75,0.0
outside_lvliang,76,0.0
outside_lvliang,77,0.0
outside_lvliang,78,0.0
outside_lvliang,79,0.0
outside_lvliang,80,0.0
outside_lvliang,81,0.0
outside_lvliang,82,0.0
outside_lvliang,83,0.0
outside_lvliang,84,0.0
outside_lvliang,85,0.0
outside_lvliang,86,0.0
outside_lvliang,87,0.0
outside_lvliang,88,0.0
outside_lvliang,89,0.0
outside_lvliang,90,0.0
outside_lvliang,91,0.0
outside_lvliang,92,0.0
outside_lvliang,93,0.0
outside_lvliang,94,0.0
outside_lvliang,95,0.0
outside_lvliang,96,0.0
